customer_id,customer_name,age,gender,city,state,employment_type,salary,credit_score,customer_since
CUST001,Deepa Agarwal,28,Female,Mumbai,Maharashtra,Self-Employed,813575,460,26-07-2019
CUST002,Tanvi Dubey,27,Female,Guwahati,Assam,Salaried,642417,368,03-05-2018
CUST003,Harsh Pandey,34,Male,Lucknow,Uttar Pradesh,Salaried,227824,399,25-03-2020
CUST004,Geeta Kapoor,62,Female,Guwahati,Assam,Salaried,671029,517,13-02-2021
CUST005,Madhuri Sawant,21,Female,Gurgaon,Haryana,Self-Employed,1013557,524,29-09-2019
CUST006,Aakash Reddy,42,Male,Delhi,Delhi,Salaried,301414,366,09-11-2021
CUST007,Kavita Nair,37,Female,Pune,Maharashtra,Self-Employed,1424551,587,31-03-2022
CUST008,Gaurav Tiwari,56,Male,Bengaluru,Karnataka,Self-Employed,1058403,611,27-02-2020
CUST009,Poonam Pandey,25,Female,Pune,Maharashtra,Self-Employed,906890,446,11-08-2020
CUST010,Sarita Shah,27,Female,Kochi,Kerala,Salaried,866563,509,29-10-2019
CUST011,Nakul Garg,43,Male,Jaipur,Rajasthan,Self-Employed,449741,467,02-12-2019
CUST012,Uday Bhosale,36,Male,Gurgaon,Haryana,Salaried,483060,483,18-06-2020
CUST013,Rohini Tiwari,41,Female,Pune,Maharashtra,Salaried,233659,338,02-07-2022
CUST014,Arun Dubey,25,Male,Jaipur,Rajasthan,Business,1689462,805,12-07-2021
CUST015,Aakash Reddy,62,Male,Bhubaneswar,Odisha,Salaried,1158972,653,23-02-2023
CUST016,Rahul Mishra,37,Male,Noida,Uttar Pradesh,Salaried,788637,534,12-12-2020
CUST017,Aparna Naik,58,Female,Coimbatore,Tamil Nadu,Business,1337603,626,17-06-2020
CUST018,Piyush Bhatt,53,Male,Bhubaneswar,Odisha,Salaried,249405,300,19-09-2019
CUST019,Shalini Reddy,31,Female,Coimbatore,Tamil Nadu,Self-Employed,1106915,573,02-04-2023
CUST020,Tushar Samant,37,Male,Guwahati,Assam,Business,524077,505,15-04-2019
CUST021,Rohini Tiwari,55,Female,Chandigarh,Punjab,Self-Employed,1013399,481,17-04-2021
CUST022,Rajiv Lal,31,Male,Kolkata,West Bengal,Salaried,957168,623,14-12-2020
CUST023,Suresh Kadam,32,Male,Patna,Bihar,Business,1811349,728,11-09-2023
CUST024,Kavita Nair,33,Female,Noida,Uttar Pradesh,Salaried,369396,430,13-12-2023
CUST025,Usha Narayanan,21,Female,Surat,Gujarat,Salaried,220422,300,26-01-2022
CUST026,Seema Acharya,40,Female,Lucknow,Uttar Pradesh,Salaried,1120659,625,19-11-2018
CUST027,Gaurav Tiwari,52,Male,Nagpur,Maharashtra,Business,1617165,800,31-05-2019
CUST028,Nikhil Agarwal,63,Male,Bhubaneswar,Odisha,Business,846296,478,02-12-2023
CUST029,Savita Tripathi,59,Female,Coimbatore,Tamil Nadu,Business,1630985,800,03-04-2020
CUST030,Geeta Kapoor,40,Female,Kochi,Kerala,Business,1862893,760,30-11-2022
CUST031,Soni Parekh,54,Female,Kolkata,West Bengal,Salaried,435612,324,16-10-2021
CUST032,Akash Gupta,58,Male,Guwahati,Assam,Salaried,430914,308,18-10-2018
CUST033,Poonam Pandey,61,Female,Pune,Maharashtra,Salaried,1149401,495,15-09-2021
CUST034,Devendra Rao,53,Male,Lucknow,Uttar Pradesh,Salaried,708993,431,26-06-2019
CUST035,Lakshmi Banerjee,57,Female,Ahmedabad,Gujarat,Salaried,1022733,576,26-07-2022
CUST036,Vikram Bose,27,Male,Delhi,Delhi,Self-Employed,1043015,568,11-08-2022
CUST037,Sagar Narayanan,24,Male,Delhi,Delhi,Salaried,963587,526,24-03-2019
CUST038,Aniket Patil,33,Male,Jaipur,Rajasthan,Salaried,346991,394,22-01-2020
CUST039,Bhavesh Kothari,50,Male,Lucknow,Uttar Pradesh,Business,658093,477,06-02-2019
CUST040,Aryan Mehta,62,Male,Guwahati,Assam,Self-Employed,495586,515,26-08-2020
CUST041,Sandeep Iyer,47,Male,Bhubaneswar,Odisha,Salaried,1106651,578,29-08-2018
CUST042,Sandeep Iyer,45,Male,Mumbai,Maharashtra,Business,1056171,664,07-02-2023
CUST043,Chirag Shukla,48,Male,Guwahati,Assam,Self-Employed,1320623,569,17-02-2020
CUST044,Dinesh Murthy,34,Male,Pune,Maharashtra,Self-Employed,1437065,574,08-07-2021
CUST045,Ashish Kumar,24,Male,Ahmedabad,Gujarat,Salaried,1164047,626,07-10-2019
CUST046,Ashish Kumar,53,Male,Nagpur,Maharashtra,Business,643699,512,06-10-2018
CUST047,Nisha Sinha,36,Female,Kochi,Kerala,Salaried,1133533,628,05-10-2020
CUST048,Anjali Verma,59,Female,Pune,Maharashtra,Self-Employed,1179178,662,12-11-2023
CUST049,Hitesh Menon,37,Male,Jaipur,Rajasthan,Self-Employed,958891,500,23-12-2020
CUST050,Parth Krishnan,29,Male,Bengaluru,Karnataka,Salaried,1174146,685,25-10-2018
CUST051,Aditya Verma,50,Male,Surat,Gujarat,Business,709675,395,23-05-2020
CUST052,Suresh Kadam,37,Male,Noida,Uttar Pradesh,Business,644265,423,22-02-2022
CUST053,Chirag Shukla,31,Male,Kolkata,West Bengal,Self-Employed,934424,589,07-12-2023
CUST054,Aditya Verma,63,Male,Guwahati,Assam,Salaried,895613,449,05-07-2019
CUST055,Ankur Thakur,28,Male,Delhi,Delhi,Self-Employed,625997,425,28-02-2021
CUST056,Kavita Nair,34,Female,Chennai,Tamil Nadu,Salaried,865046,483,02-09-2023
CUST057,Sidharth Ahuja,37,Male,Pune,Maharashtra,Salaried,644151,431,30-06-2018
CUST058,Aarav Sharma,42,Male,Noida,Uttar Pradesh,Self-Employed,849360,453,15-12-2022
CUST059,Priya Sharma,48,Female,Guwahati,Assam,Salaried,278898,445,03-09-2019
CUST060,Vinay Bhandari,23,Male,Hyderabad,Telangana,Self-Employed,610575,462,07-06-2019
CUST061,Arjun Singh,40,Male,Hyderabad,Telangana,Business,583665,436,10-05-2020
CUST062,Rohini Tiwari,36,Female,Delhi,Delhi,Salaried,787080,500,26-09-2019
CUST063,Varsha More,36,Female,Gurgaon,Haryana,Business,871305,522,12-04-2018
CUST064,Shubham Tripathi,42,Male,Coimbatore,Tamil Nadu,Self-Employed,820444,473,15-10-2019
CUST065,Isha Kulkarni,65,Female,Delhi,Delhi,Salaried,240605,380,30-06-2020
CUST066,Vivek Chaudhary,50,Male,Hyderabad,Telangana,Salaried,1033980,516,02-07-2020
CUST067,Amit Patel,63,Male,Jaipur,Rajasthan,Salaried,492136,340,17-02-2021
CUST068,Lokesh Trivedi,62,Male,Patna,Bihar,Salaried,1084642,608,18-09-2021
CUST069,Amit Patel,28,Male,Chandigarh,Punjab,Salaried,478361,328,21-03-2019
CUST070,Rekha Joshi,48,Female,Hyderabad,Telangana,Self-Employed,957829,550,26-09-2023
CUST071,Manish Shah,45,Male,Ahmedabad,Gujarat,Salaried,246542,442,22-11-2022
CUST072,Aarav Sharma,54,Male,Guwahati,Assam,Self-Employed,713212,471,02-11-2022
CUST073,Deepak Nair,63,Male,Chennai,Tamil Nadu,Self-Employed,561358,524,15-05-2021
CUST074,Suresh Kadam,40,Male,Coimbatore,Tamil Nadu,Salaried,931076,507,06-06-2019
CUST075,Vikram Bose,47,Male,Kochi,Kerala,Self-Employed,664961,523,17-05-2021
CUST076,Pranav Jha,56,Male,Mumbai,Maharashtra,Salaried,420392,415,12-08-2021
CUST077,Sagar Narayanan,49,Male,Kolkata,West Bengal,Self-Employed,1372009,664,27-11-2019
CUST078,Pallavi Pillai,26,Female,Bengaluru,Karnataka,Salaried,863686,573,04-10-2021
CUST079,Harsh Pandey,36,Male,Bengaluru,Karnataka,Salaried,408802,339,11-04-2018
CUST080,Arjun Singh,36,Male,Bhubaneswar,Odisha,Self-Employed,452731,429,25-08-2022
CUST081,Shruti Kothari,61,Female,Ahmedabad,Gujarat,Salaried,930180,530,18-07-2023
CUST082,Pranav Jha,36,Male,Noida,Uttar Pradesh,Self-Employed,311628,469,13-03-2019
CUST083,Harsha Thakur,48,Female,Lucknow,Uttar Pradesh,Salaried,929716,564,18-03-2023
CUST084,Aryan Mehta,56,Male,Lucknow,Uttar Pradesh,Business,754507,504,01-07-2019
CUST085,Kalyani Krishnan,50,Female,Patna,Bihar,Business,1748754,718,18-12-2022
CUST086,Sunita Rao,53,Female,Coimbatore,Tamil Nadu,Self-Employed,1448970,676,14-10-2019
CUST087,Aparna Naik,51,Female,Kolkata,West Bengal,Salaried,459249,477,09-02-2021
CUST088,Garima Chaudhary,54,Female,Bhubaneswar,Odisha,Self-Employed,875872,530,14-11-2018
CUST089,Geeta Kapoor,39,Female,Lucknow,Uttar Pradesh,Salaried,535239,471,27-11-2018
CUST090,Piyush Bhatt,30,Male,Lucknow,Uttar Pradesh,Salaried,360227,470,26-05-2020
CUST091,Deepak Nair,47,Male,Coimbatore,Tamil Nadu,Salaried,688557,478,13-09-2018
CUST092,Yash Kapoor,47,Male,Kochi,Kerala,Business,1724903,809,22-03-2018
CUST093,Ranjana Saxena,57,Female,Kochi,Kerala,Salaried,1188536,587,08-05-2021
CUST094,Bharati Patil,45,Female,Coimbatore,Tamil Nadu,Salaried,970319,581,22-06-2020
CUST095,Sidharth Ahuja,35,Male,Chandigarh,Punjab,Salaried,230434,356,08-10-2021
CUST096,Rashmi Chauhan,64,Female,Kochi,Kerala,Self-Employed,1280188,552,28-12-2023
CUST097,Amit Patel,46,Male,Ahmedabad,Gujarat,Self-Employed,356837,310,22-10-2022
CUST098,Piyush Bhatt,50,Male,Gurgaon,Haryana,Salaried,597519,432,16-05-2020
CUST099,Sachin Goswami,41,Male,Chennai,Tamil Nadu,Self-Employed,1095085,544,23-09-2022
CUST100,Ankit Jain,26,Male,Bhubaneswar,Odisha,Salaried,765621,404,04-12-2021
CUST101,Abhishek Banerjee,62,Male,Nagpur,Maharashtra,Self-Employed,384427,489,08-05-2018
CUST102,Aniket Patil,33,Male,Mumbai,Maharashtra,Self-Employed,800265,432,24-04-2023
CUST103,Rashmi Chauhan,28,Female,Ahmedabad,Gujarat,Business,1475246,747,15-11-2020
CUST104,Garima Chaudhary,44,Female,Gurgaon,Haryana,Self-Employed,540192,534,02-11-2019
CUST105,Hardik Parekh,27,Male,Ahmedabad,Gujarat,Salaried,527110,478,18-03-2022
CUST106,Parth Krishnan,33,Male,Nagpur,Maharashtra,Self-Employed,809292,428,20-05-2021
CUST107,Priyanka Bhatt,64,Female,Surat,Gujarat,Self-Employed,1486846,771,18-06-2018
CUST108,Lokesh Trivedi,55,Male,Coimbatore,Tamil Nadu,Self-Employed,444612,440,29-10-2021
CUST109,Aditya Verma,47,Male,Bhubaneswar,Odisha,Salaried,579781,506,27-02-2023
CUST110,Poonam Pandey,30,Female,Coimbatore,Tamil Nadu,Salaried,747091,552,11-01-2021
CUST111,Sunita Rao,55,Female,Bhubaneswar,Odisha,Salaried,1065845,653,04-01-2021
CUST112,Ishaan Rathore,36,Male,Nagpur,Maharashtra,Salaried,672700,430,19-03-2023
CUST113,Pooja Singh,60,Female,Kochi,Kerala,Salaried,718317,462,15-01-2020
CUST114,Sidharth Ahuja,34,Male,Hyderabad,Telangana,Self-Employed,1013742,524,05-02-2021
CUST115,Neha Gupta,21,Female,Patna,Bihar,Business,679543,430,23-07-2022
CUST116,Sidharth Ahuja,56,Male,Lucknow,Uttar Pradesh,Self-Employed,1329326,646,12-03-2018
CUST117,Harsh Pandey,39,Male,Lucknow,Uttar Pradesh,Salaried,455123,391,20-02-2022
CUST118,Saurabh Wagh,56,Male,Patna,Bihar,Salaried,982169,585,16-09-2021
CUST119,Mayank Kulkarni,65,Male,Kolkata,West Bengal,Salaried,463615,374,10-05-2019
CUST120,Lakshmi Banerjee,33,Female,Chennai,Tamil Nadu,Salaried,761894,585,29-01-2020
CUST121,Vikram Bose,34,Male,Bhubaneswar,Odisha,Salaried,818226,598,19-11-2023
CUST122,Rekha Joshi,39,Female,Delhi,Delhi,Self-Employed,921273,488,18-01-2022
CUST123,Shubham Tripathi,40,Male,Mumbai,Maharashtra,Self-Employed,565463,411,06-07-2018
CUST124,Aryan Mehta,56,Male,Bengaluru,Karnataka,Self-Employed,564827,504,04-07-2023
CUST125,Kunal Desai,21,Male,Ahmedabad,Gujarat,Salaried,701968,487,27-10-2021
CUST126,Sumit Pillai,24,Male,Chandigarh,Punjab,Business,1501870,604,25-09-2018
CUST127,Pranav Jha,52,Male,Nagpur,Maharashtra,Self-Employed,412426,341,04-09-2019
CUST128,Madhuri Sawant,57,Female,Bengaluru,Karnataka,Salaried,460247,345,01-09-2022
CUST129,Kavita Nair,59,Female,Surat,Gujarat,Salaried,747957,483,20-01-2023
CUST130,Swapna Shukla,49,Female,Bengaluru,Karnataka,Business,1399321,627,04-09-2018
CUST131,Sunita Rao,27,Female,Jaipur,Rajasthan,Self-Employed,855003,582,29-11-2018
CUST132,Rohan Saxena,36,Male,Gurgaon,Haryana,Self-Employed,628272,357,01-08-2022
CUST133,Rohit Mathur,65,Male,Surat,Gujarat,Salaried,234225,317,26-03-2021
CUST134,Poonam Pandey,39,Female,Kolkata,West Bengal,Salaried,444762,378,21-03-2020
CUST135,Pulkit Pandya,28,Male,Guwahati,Assam,Salaried,356226,357,06-08-2019
CUST136,Devendra Rao,24,Male,Gurgaon,Haryana,Self-Employed,1493713,646,04-12-2022
CUST137,Mohit Srivastava,50,Male,Bengaluru,Karnataka,Self-Employed,870941,545,16-07-2023
CUST138,Ravi Chakraborty,26,Male,Surat,Gujarat,Salaried,653014,551,13-08-2021
CUST139,Kavita Nair,37,Female,Mumbai,Maharashtra,Salaried,907053,573,26-03-2018
CUST140,Chetana Jain,64,Female,Chandigarh,Punjab,Self-Employed,667401,486,27-10-2023
CUST141,Ananya Kumar,49,Female,Chandigarh,Punjab,Salaried,813762,514,08-07-2023
CUST142,Harsh Pandey,51,Male,Hyderabad,Telangana,Salaried,536653,505,05-03-2019
CUST143,Ranjana Saxena,31,Female,Chennai,Tamil Nadu,Salaried,719536,452,29-06-2022
CUST144,Nalini Garg,56,Female,Pune,Maharashtra,Salaried,529795,396,17-08-2021
CUST145,Manish Shah,46,Male,Patna,Bihar,Self-Employed,302413,443,08-03-2023
CUST146,Prashant More,24,Male,Jaipur,Rajasthan,Salaried,852878,606,04-08-2023
CUST147,Shalini Reddy,49,Female,Pune,Maharashtra,Salaried,775898,426,25-03-2021
CUST148,Ravi Chakraborty,65,Male,Bhubaneswar,Odisha,Salaried,860626,570,07-09-2020
CUST149,Poonam Pandey,31,Female,Bengaluru,Karnataka,Self-Employed,1458155,668,17-01-2019
CUST150,Abhishek Banerjee,28,Male,Kolkata,West Bengal,Business,1858345,703,04-08-2023
CUST151,Vidya Lal,39,Female,Patna,Bihar,Self-Employed,1171346,615,19-04-2023
CUST152,Aniket Patil,50,Male,Guwahati,Assam,Salaried,399869,452,13-09-2023
CUST153,Aparna Naik,29,Female,Nagpur,Maharashtra,Salaried,1028381,563,24-10-2021
CUST154,Vidya Lal,53,Female,Chandigarh,Punjab,Self-Employed,893156,608,07-05-2021
CUST155,Preeti Doshi,58,Female,Ahmedabad,Gujarat,Business,1526850,619,04-01-2023
CUST156,Uday Bhosale,51,Male,Hyderabad,Telangana,Salaried,999929,588,26-03-2022
CUST157,Sachin Goswami,41,Male,Jaipur,Rajasthan,Business,1000811,596,18-04-2022
CUST158,Ajay Chauhan,47,Male,Pune,Maharashtra,Salaried,695951,553,11-04-2022
CUST159,Nitin Sawant,63,Male,Noida,Uttar Pradesh,Salaried,238817,300,20-08-2023
CUST160,Divya Mehta,42,Female,Delhi,Delhi,Business,1423389,580,25-11-2023
CUST161,Swapna Shukla,50,Female,Mumbai,Maharashtra,Self-Employed,1159787,656,25-09-2019
CUST162,Devendra Rao,51,Male,Chandigarh,Punjab,Salaried,926353,532,25-11-2018
CUST163,Ranjana Saxena,42,Female,Guwahati,Assam,Salaried,532043,493,22-06-2023
CUST164,Savita Tripathi,55,Female,Pune,Maharashtra,Self-Employed,792348,559,23-03-2021
CUST165,Ajay Chauhan,26,Male,Coimbatore,Tamil Nadu,Business,1829065,837,16-02-2019
CUST166,Ravi Chakraborty,31,Male,Bengaluru,Karnataka,Business,596450,432,18-08-2018
CUST167,Dinesh Murthy,43,Male,Hyderabad,Telangana,Salaried,456059,449,15-08-2022
CUST168,Pooja Singh,64,Female,Gurgaon,Haryana,Salaried,282804,426,16-04-2022
CUST169,Meera Iyer,64,Female,Lucknow,Uttar Pradesh,Salaried,811484,438,09-08-2020
CUST170,Sagar Narayanan,61,Male,Chandigarh,Punjab,Salaried,899233,426,21-03-2023
CUST171,Soni Parekh,39,Female,Guwahati,Assam,Salaried,663187,453,10-05-2021
CUST172,Deepa Agarwal,48,Female,Chandigarh,Punjab,Salaried,516797,379,25-04-2022
CUST173,Ranjana Saxena,51,Female,Delhi,Delhi,Salaried,799704,490,26-04-2021
CUST174,Vandana Mishra,39,Female,Mumbai,Maharashtra,Business,1880407,771,29-01-2021
CUST175,Aditya Verma,57,Male,Pune,Maharashtra,Business,1541712,658,31-07-2020
CUST176,Kavita Nair,43,Female,Lucknow,Uttar Pradesh,Self-Employed,825602,579,15-07-2019
CUST177,Shalini Reddy,27,Female,Pune,Maharashtra,Salaried,662236,373,03-02-2022
CUST178,Shreya Malhotra,29,Female,Nagpur,Maharashtra,Business,1185179,687,29-08-2022
CUST179,Shubham Tripathi,33,Male,Noida,Uttar Pradesh,Self-Employed,1067258,601,18-08-2023
CUST180,Swapna Shukla,38,Female,Gurgaon,Haryana,Salaried,1064749,589,23-04-2021
CUST181,Aparna Naik,42,Female,Delhi,Delhi,Salaried,278957,305,13-07-2020
CUST182,Sarita Shah,64,Female,Kochi,Kerala,Business,1668769,710,05-01-2019
CUST183,Jyoti Hegde,46,Female,Mumbai,Maharashtra,Salaried,329592,398,18-02-2022
CUST184,Nisha Sinha,64,Female,Chandigarh,Punjab,Self-Employed,1079036,496,15-08-2020
CUST185,Saurabh Wagh,22,Male,Surat,Gujarat,Business,1677356,702,25-06-2020
CUST186,Ritu Bose,25,Female,Kolkata,West Bengal,Business,1133738,649,31-07-2022
CUST187,Manish Shah,29,Male,Pune,Maharashtra,Business,1138298,610,21-04-2019
CUST188,Karan Malhotra,36,Male,Guwahati,Assam,Salaried,675679,462,13-09-2022
CUST189,Divya Mehta,30,Female,Coimbatore,Tamil Nadu,Self-Employed,1326235,688,30-07-2022
CUST190,Bhavesh Kothari,23,Male,Hyderabad,Telangana,Salaried,666297,426,25-01-2022
CUST191,Karan Malhotra,64,Male,Hyderabad,Telangana,Salaried,876149,510,06-09-2018
CUST192,Parth Krishnan,38,Male,Jaipur,Rajasthan,Business,1453611,586,18-05-2020
CUST193,Ritu Bose,61,Female,Surat,Gujarat,Business,606070,436,24-09-2020
CUST194,Nikhil Agarwal,57,Male,Jaipur,Rajasthan,Salaried,1002325,591,28-04-2020
CUST195,Divya Mehta,34,Female,Lucknow,Uttar Pradesh,Salaried,354721,440,12-01-2018
CUST196,Bhavesh Kothari,30,Male,Noida,Uttar Pradesh,Salaried,1037302,503,27-03-2019
CUST197,Pallavi Pillai,22,Female,Noida,Uttar Pradesh,Salaried,1028358,517,19-08-2021
CUST198,Akash Gupta,32,Male,Chandigarh,Punjab,Salaried,977747,551,25-11-2023
CUST199,Manish Shah,25,Male,Bhubaneswar,Odisha,Salaried,579625,475,23-03-2019
CUST200,Rohit Mathur,53,Male,Lucknow,Uttar Pradesh,Business,590943,533,06-11-2023
CUST201,Girish Naik,50,Male,Mumbai,Maharashtra,Salaried,702248,477,13-10-2022
CUST202,Rohini Tiwari,27,Female,Bhubaneswar,Odisha,Self-Employed,1230217,525,27-11-2018
CUST203,Ishaan Rathore,59,Male,Noida,Uttar Pradesh,Salaried,488375,481,24-08-2021
CUST204,Neeraj Hegde,59,Male,Patna,Bihar,Salaried,730108,536,29-10-2022
CUST205,Karan Malhotra,65,Male,Delhi,Delhi,Business,1865071,862,30-05-2020
CUST206,Rajiv Lal,49,Male,Lucknow,Uttar Pradesh,Salaried,1067611,582,22-06-2022
CUST207,Pritam Das,27,Male,Chennai,Tamil Nadu,Salaried,897416,489,14-03-2022
CUST208,Rajesh Yadav,64,Male,Bhubaneswar,Odisha,Salaried,1072176,489,17-01-2019
CUST209,Rajiv Lal,27,Male,Hyderabad,Telangana,Self-Employed,1466794,581,12-09-2021
CUST210,Rashmi Chauhan,28,Female,Coimbatore,Tamil Nadu,Salaried,897660,616,29-09-2022
CUST211,Savita Tripathi,24,Female,Bengaluru,Karnataka,Self-Employed,1037455,485,10-09-2023
CUST212,Aakash Reddy,30,Male,Bhubaneswar,Odisha,Salaried,313475,367,14-02-2022
CUST213,Manish Shah,38,Male,Ahmedabad,Gujarat,Salaried,649956,505,18-04-2018
CUST214,Kavita Nair,63,Female,Chandigarh,Punjab,Salaried,486544,500,19-06-2021
CUST215,Usha Narayanan,42,Female,Hyderabad,Telangana,Salaried,1112117,514,30-06-2022
CUST216,Deepak Nair,30,Male,Mumbai,Maharashtra,Salaried,756251,444,21-03-2022
CUST217,Pritam Das,50,Male,Chennai,Tamil Nadu,Salaried,526775,515,21-08-2021
CUST218,Harsha Thakur,57,Female,Surat,Gujarat,Salaried,255164,302,07-10-2019
CUST219,Bharati Patil,60,Female,Pune,Maharashtra,Self-Employed,870641,530,03-10-2022
CUST220,Sidharth Ahuja,59,Male,Kolkata,West Bengal,Salaried,426040,499,30-09-2023
CUST221,Manish Shah,43,Male,Coimbatore,Tamil Nadu,Salaried,911163,600,17-06-2023
CUST222,Tushar Samant,63,Male,Bengaluru,Karnataka,Salaried,614463,506,13-08-2018
CUST223,Aarav Sharma,34,Male,Bengaluru,Karnataka,Business,787802,591,12-11-2020
CUST224,Dinesh Murthy,41,Male,Delhi,Delhi,Salaried,983301,555,21-12-2019
CUST225,Nikhil Agarwal,45,Male,Guwahati,Assam,Self-Employed,1349126,680,21-12-2021
CUST226,Devendra Rao,46,Male,Pune,Maharashtra,Salaried,682087,389,06-07-2021
CUST227,Sneha Patel,48,Female,Ahmedabad,Gujarat,Salaried,871237,523,31-03-2021
CUST228,Manish Shah,46,Male,Mumbai,Maharashtra,Business,860444,573,28-02-2023
CUST229,Payal Rathore,65,Female,Hyderabad,Telangana,Salaried,1085506,498,23-09-2020
CUST230,Rajiv Lal,58,Male,Kochi,Kerala,Salaried,614991,432,22-10-2021
CUST231,Abhishek Banerjee,42,Male,Gurgaon,Haryana,Salaried,863984,444,14-12-2023
CUST232,Swapnil Khatri,33,Male,Hyderabad,Telangana,Salaried,1058729,629,28-08-2019
CUST233,Aman Sinha,27,Male,Noida,Uttar Pradesh,Salaried,381926,449,19-09-2019
CUST234,Chetana Jain,62,Female,Nagpur,Maharashtra,Salaried,1010389,612,17-07-2023
CUST235,Sagar Narayanan,57,Male,Ahmedabad,Gujarat,Salaried,1169045,636,16-08-2021
CUST236,Sarita Shah,61,Female,Chennai,Tamil Nadu,Salaried,271603,387,17-12-2022
CUST237,Shalini Reddy,40,Female,Chandigarh,Punjab,Self-Employed,1038076,588,31-10-2018
CUST238,Hardik Parekh,50,Male,Kolkata,West Bengal,Salaried,586649,419,11-11-2018
CUST239,Ritu Bose,26,Female,Surat,Gujarat,Self-Employed,1106318,594,18-06-2018
CUST240,Rohit Mathur,57,Male,Jaipur,Rajasthan,Salaried,698733,502,10-09-2019
CUST241,Ashish Kumar,49,Male,Delhi,Delhi,Self-Employed,1020241,637,12-12-2018
CUST242,Suresh Kadam,62,Male,Gurgaon,Haryana,Salaried,941995,547,05-12-2022
CUST243,Tushar Samant,54,Male,Surat,Gujarat,Salaried,590963,419,06-05-2022
CUST244,Prashant More,42,Male,Surat,Gujarat,Salaried,861532,580,02-10-2021
CUST245,Deepak Nair,42,Male,Delhi,Delhi,Self-Employed,1110683,549,29-10-2020
CUST246,Lakshmi Banerjee,63,Female,Surat,Gujarat,Business,1199110,519,03-08-2019
CUST247,Usha Narayanan,43,Female,Bengaluru,Karnataka,Business,1964818,860,25-05-2022
CUST248,Nikhil Agarwal,59,Male,Nagpur,Maharashtra,Salaried,594976,512,07-09-2021
CUST249,Nalini Garg,29,Female,Patna,Bihar,Salaried,903024,533,14-09-2023
CUST250,Mihir Bhat,22,Male,Hyderabad,Telangana,Salaried,1197373,553,31-10-2021
CUST251,Garima Chaudhary,52,Female,Jaipur,Rajasthan,Salaried,344247,325,13-11-2018
CUST252,Dinesh Murthy,27,Male,Patna,Bihar,Self-Employed,1404216,560,11-10-2021
CUST253,Seema Acharya,60,Female,Noida,Uttar Pradesh,Self-Employed,623491,396,11-01-2020
CUST254,Payal Rathore,65,Female,Surat,Gujarat,Self-Employed,647160,545,28-11-2022
CUST255,Arjun Singh,47,Male,Hyderabad,Telangana,Self-Employed,798136,512,13-03-2021
CUST256,Bharati Patil,49,Female,Lucknow,Uttar Pradesh,Salaried,524500,531,06-04-2023
CUST257,Soni Parekh,33,Female,Hyderabad,Telangana,Self-Employed,1496256,686,07-03-2023
CUST258,Garima Chaudhary,39,Female,Kochi,Kerala,Salaried,638997,400,28-03-2020
CUST259,Kalyani Krishnan,59,Female,Noida,Uttar Pradesh,Business,609428,516,23-05-2023
CUST260,Savita Tripathi,44,Female,Guwahati,Assam,Business,1991915,829,26-05-2019
CUST261,Chirag Shukla,26,Male,Gurgaon,Haryana,Salaried,1149282,618,27-08-2019
CUST262,Payal Rathore,48,Female,Nagpur,Maharashtra,Business,965647,556,02-12-2021
CUST263,Vidya Lal,22,Female,Coimbatore,Tamil Nadu,Salaried,726392,476,23-08-2020
CUST264,Nitin Sawant,26,Male,Hyderabad,Telangana,Salaried,534165,358,05-10-2021
CUST265,Jyoti Hegde,30,Female,Noida,Uttar Pradesh,Salaried,1161959,610,23-07-2019
CUST266,Chetana Jain,51,Female,Kolkata,West Bengal,Self-Employed,466148,320,14-11-2020
CUST267,Aakash Reddy,30,Male,Guwahati,Assam,Business,1776914,779,30-09-2022
CUST268,Manish Shah,39,Male,Lucknow,Uttar Pradesh,Salaried,250068,323,16-09-2022
CUST269,Deepa Agarwal,60,Female,Kolkata,West Bengal,Salaried,1077330,596,09-03-2018
CUST270,Shalini Reddy,53,Female,Ahmedabad,Gujarat,Salaried,350551,361,25-10-2022
CUST271,Aarav Sharma,60,Male,Hyderabad,Telangana,Salaried,636802,406,17-12-2018
CUST272,Tushar Samant,44,Male,Nagpur,Maharashtra,Business,1641022,739,11-09-2023
CUST273,Priya Sharma,22,Female,Kochi,Kerala,Business,591298,509,04-05-2022
CUST274,Nakul Garg,37,Male,Mumbai,Maharashtra,Salaried,270841,355,14-09-2020
CUST275,Shreya Malhotra,63,Female,Delhi,Delhi,Self-Employed,997342,483,01-07-2018
CUST276,Mayank Kulkarni,55,Male,Chennai,Tamil Nadu,Self-Employed,667188,565,19-03-2023
CUST277,Vandana Mishra,51,Female,Gurgaon,Haryana,Self-Employed,432331,491,18-02-2023
CUST278,Anand Joshi,39,Male,Jaipur,Rajasthan,Salaried,409159,312,16-07-2021
CUST279,Vidya Lal,40,Female,Patna,Bihar,Salaried,1055015,602,24-04-2023
CUST280,Ankit Jain,23,Male,Jaipur,Rajasthan,Salaried,1104017,675,15-07-2018
CUST281,Sarita Shah,62,Female,Chennai,Tamil Nadu,Salaried,1038171,553,25-11-2022
CUST282,Shruti Kothari,46,Female,Kolkata,West Bengal,Business,1310852,613,05-02-2020
CUST283,Srikanth Venkat,65,Male,Bhubaneswar,Odisha,Salaried,1036020,591,28-12-2020
CUST284,Kalyani Krishnan,26,Female,Coimbatore,Tamil Nadu,Salaried,831718,453,18-04-2021
CUST285,Ishaan Rathore,27,Male,Nagpur,Maharashtra,Salaried,510000,405,01-01-2023
CUST286,Kavita Nair,48,Female,Gurgaon,Haryana,Self-Employed,1037247,573,23-06-2018
CUST287,Shreya Malhotra,43,Female,Surat,Gujarat,Business,1075784,631,23-08-2018
CUST288,Devendra Rao,63,Male,Kochi,Kerala,Salaried,1040010,651,18-10-2019
CUST289,Amit Patel,30,Male,Surat,Gujarat,Self-Employed,1218915,512,02-06-2019
CUST290,Deepak Nair,36,Male,Hyderabad,Telangana,Salaried,1195588,643,13-05-2018
CUST291,Kavita Nair,30,Female,Kolkata,West Bengal,Business,1280168,633,11-11-2018
CUST292,Sneha Patel,29,Female,Patna,Bihar,Salaried,529657,498,15-02-2021
CUST293,Aniket Patil,28,Male,Mumbai,Maharashtra,Self-Employed,1346571,668,05-05-2022
CUST294,Swapna Shukla,56,Female,Delhi,Delhi,Salaried,472933,498,02-01-2023
CUST295,Aakash Reddy,60,Male,Bengaluru,Karnataka,Self-Employed,1330121,583,18-05-2019
CUST296,Piyush Bhatt,25,Male,Kolkata,West Bengal,Salaried,948022,550,26-12-2018
CUST297,Madhuri Sawant,64,Female,Chennai,Tamil Nadu,Self-Employed,436187,449,04-04-2021
CUST298,Sonam Murthy,40,Female,Gurgaon,Haryana,Self-Employed,665095,458,15-09-2023
CUST299,Abhishek Banerjee,28,Male,Jaipur,Rajasthan,Self-Employed,796471,525,18-04-2018
CUST300,Mihir Bhat,56,Male,Ahmedabad,Gujarat,Salaried,1042700,601,16-06-2019
CUST301,Sunita Rao,26,Female,Nagpur,Maharashtra,Salaried,951759,621,15-05-2023
CUST302,Tushar Samant,47,Male,Coimbatore,Tamil Nadu,Self-Employed,454666,345,22-07-2021
CUST303,Ritu Bose,25,Female,Kolkata,West Bengal,Salaried,742491,473,10-06-2019
CUST304,Seema Acharya,56,Female,Ahmedabad,Gujarat,Salaried,335300,393,22-08-2023
CUST305,Swapna Shukla,24,Female,Delhi,Delhi,Salaried,518897,371,26-10-2019
CUST306,Ishaan Rathore,35,Male,Hyderabad,Telangana,Business,1588207,669,20-11-2018
CUST307,Ankit Jain,33,Male,Guwahati,Assam,Salaried,855383,490,26-12-2023
CUST308,Harsh Pandey,53,Male,Gurgaon,Haryana,Self-Employed,623368,398,14-10-2021
CUST309,Preeti Doshi,57,Female,Pune,Maharashtra,Self-Employed,359503,309,06-07-2018
CUST310,Ritu Bose,57,Female,Chandigarh,Punjab,Self-Employed,1499858,680,05-05-2018
CUST311,Srikanth Venkat,61,Male,Guwahati,Assam,Salaried,516768,452,30-09-2020
CUST312,Madhuri Sawant,64,Female,Kochi,Kerala,Salaried,276517,445,03-09-2018
CUST313,Rohan Saxena,49,Male,Coimbatore,Tamil Nadu,Salaried,413933,390,12-08-2019
CUST314,Hitesh Menon,41,Male,Hyderabad,Telangana,Business,774236,587,26-02-2022
CUST315,Swapnil Khatri,56,Male,Delhi,Delhi,Salaried,689131,403,31-12-2020
CUST316,Rohit Mathur,36,Male,Noida,Uttar Pradesh,Salaried,504309,424,09-09-2022
CUST317,Aniket Patil,31,Male,Chennai,Tamil Nadu,Business,1155810,536,15-10-2019
CUST318,Srikanth Venkat,53,Male,Kolkata,West Bengal,Salaried,523528,457,05-04-2018
CUST319,Harsh Pandey,46,Male,Patna,Bihar,Salaried,452422,368,16-12-2021
CUST320,Aryan Mehta,24,Male,Bengaluru,Karnataka,Salaried,1125199,648,12-04-2023
CUST321,Chirag Shukla,55,Male,Mumbai,Maharashtra,Self-Employed,1203721,534,19-12-2020
CUST322,Shreya Malhotra,44,Female,Kochi,Kerala,Salaried,620040,368,08-03-2020
CUST323,Mihir Bhat,56,Male,Bengaluru,Karnataka,Salaried,728750,497,19-02-2021
CUST324,Nandita Menon,60,Female,Surat,Gujarat,Salaried,301377,375,09-03-2022
CUST325,Jyoti Hegde,42,Female,Guwahati,Assam,Business,802550,450,17-09-2023
CUST326,Pranav Jha,53,Male,Pune,Maharashtra,Salaried,343693,467,26-09-2021
CUST327,Kalyani Krishnan,51,Female,Patna,Bihar,Salaried,835710,539,27-07-2019
CUST328,Ishaan Rathore,60,Male,Chennai,Tamil Nadu,Salaried,846447,600,10-05-2021
CUST329,Divya Mehta,42,Female,Patna,Bihar,Self-Employed,1416397,679,12-05-2021
CUST330,Saurabh Wagh,22,Male,Hyderabad,Telangana,Salaried,314928,384,14-06-2021
CUST331,Jyoti Hegde,65,Female,Mumbai,Maharashtra,Self-Employed,856857,581,21-07-2020
CUST332,Lakshmi Banerjee,24,Female,Ahmedabad,Gujarat,Salaried,749697,548,07-04-2022
CUST333,Rahul Mishra,64,Male,Lucknow,Uttar Pradesh,Salaried,1194265,677,27-03-2019
CUST334,Vikram Bose,22,Male,Kolkata,West Bengal,Salaried,358787,394,15-04-2020
CUST335,Prashant More,53,Male,Surat,Gujarat,Business,630613,537,20-07-2019
CUST336,Tarun Oberoi,34,Male,Guwahati,Assam,Salaried,894395,545,23-11-2023
CUST337,Neeraj Hegde,41,Male,Gurgaon,Haryana,Salaried,759024,476,22-12-2021
CUST338,Nisha Sinha,64,Female,Chandigarh,Punjab,Self-Employed,703207,438,16-02-2021
CUST339,Neha Gupta,40,Female,Lucknow,Uttar Pradesh,Business,1124142,678,29-03-2021
CUST340,Poonam Pandey,34,Female,Bhubaneswar,Odisha,Salaried,565746,484,25-01-2021
CUST341,Chirag Shukla,28,Male,Ahmedabad,Gujarat,Self-Employed,1096276,575,14-11-2021
CUST342,Garima Chaudhary,30,Female,Bengaluru,Karnataka,Salaried,948831,457,19-11-2021
CUST343,Varsha More,49,Female,Chandigarh,Punjab,Self-Employed,748762,438,15-01-2021
CUST344,Vidya Lal,56,Female,Chandigarh,Punjab,Salaried,845584,600,07-09-2020
CUST345,Aniket Patil,24,Male,Patna,Bihar,Salaried,444146,324,15-02-2019
CUST346,Prashant More,42,Male,Bhubaneswar,Odisha,Salaried,1008206,487,22-01-2018
CUST347,Priya Sharma,31,Female,Coimbatore,Tamil Nadu,Self-Employed,1297614,646,27-03-2020
CUST348,Bharati Patil,39,Female,Chennai,Tamil Nadu,Salaried,262036,461,02-01-2019
CUST349,Ananya Kumar,57,Female,Lucknow,Uttar Pradesh,Salaried,958243,448,19-12-2019
CUST350,Pritam Das,32,Male,Pune,Maharashtra,Business,1332557,659,03-02-2020
CUST351,Vidya Lal,39,Female,Pune,Maharashtra,Salaried,795551,552,16-03-2019
CUST352,Varsha More,42,Female,Bengaluru,Karnataka,Salaried,872464,557,18-11-2023
CUST353,Srikanth Venkat,29,Male,Patna,Bihar,Salaried,402177,328,16-09-2021
CUST354,Rohan Saxena,50,Male,Chandigarh,Punjab,Self-Employed,329536,470,12-10-2021
CUST355,Jyoti Hegde,39,Female,Ahmedabad,Gujarat,Self-Employed,705088,420,19-07-2022
CUST356,Nandita Menon,48,Female,Patna,Bihar,Salaried,620304,526,26-01-2019
CUST357,Sumit Pillai,29,Male,Bhubaneswar,Odisha,Salaried,460096,316,04-12-2020
CUST358,Nitin Sawant,36,Male,Kolkata,West Bengal,Self-Employed,991274,524,16-02-2018
CUST359,Ankur Thakur,62,Male,Hyderabad,Telangana,Self-Employed,430284,477,30-04-2019
CUST360,Sagar Narayanan,40,Male,Gurgaon,Haryana,Salaried,726930,561,27-06-2021
CUST361,Swati Desai,28,Female,Bengaluru,Karnataka,Salaried,431577,363,02-07-2019
CUST362,Shivam Misra,30,Male,Kolkata,West Bengal,Self-Employed,1083548,576,13-04-2023
CUST363,Bharati Patil,55,Female,Jaipur,Rajasthan,Self-Employed,471694,451,04-01-2023
CUST364,Tushar Samant,44,Male,Nagpur,Maharashtra,Business,735318,398,02-09-2023
CUST365,Vivek Chaudhary,57,Male,Guwahati,Assam,Salaried,544056,469,15-12-2022
CUST366,Manish Shah,64,Male,Jaipur,Rajasthan,Self-Employed,1325146,554,22-09-2023
CUST367,Rohit Mathur,24,Male,Kolkata,West Bengal,Salaried,635604,474,25-08-2018
CUST368,Neha Gupta,50,Female,Bengaluru,Karnataka,Self-Employed,1130364,547,13-01-2018
CUST369,Aparna Naik,34,Female,Ahmedabad,Gujarat,Salaried,644278,449,19-09-2018
CUST370,Vinay Bhandari,24,Male,Nagpur,Maharashtra,Business,1490005,580,21-03-2021
CUST371,Prashant More,32,Male,Noida,Uttar Pradesh,Self-Employed,1181562,590,16-04-2022
CUST372,Rohit Mathur,45,Male,Kochi,Kerala,Salaried,893939,561,29-06-2019
CUST373,Ananya Kumar,43,Female,Delhi,Delhi,Salaried,763356,490,07-12-2023
CUST374,Nikhil Agarwal,35,Male,Mumbai,Maharashtra,Self-Employed,925712,549,04-10-2022
CUST375,Uday Bhosale,45,Male,Lucknow,Uttar Pradesh,Salaried,562974,379,03-02-2021
CUST376,Vikram Bose,28,Male,Pune,Maharashtra,Self-Employed,1179211,651,06-03-2018
CUST377,Aman Sinha,34,Male,Nagpur,Maharashtra,Salaried,235207,372,19-07-2018
CUST378,Aniket Patil,23,Male,Kochi,Kerala,Salaried,765979,446,20-08-2018
CUST379,Piyush Bhatt,53,Male,Bengaluru,Karnataka,Salaried,1160911,677,30-07-2021
CUST380,Sneha Patel,59,Female,Chennai,Tamil Nadu,Salaried,1118823,515,06-11-2023
CUST381,Abhishek Banerjee,47,Male,Bengaluru,Karnataka,Salaried,783761,546,19-12-2019
CUST382,Shalini Reddy,64,Female,Coimbatore,Tamil Nadu,Self-Employed,398323,387,11-04-2022
CUST383,Isha Kulkarni,54,Female,Chennai,Tamil Nadu,Self-Employed,1156181,527,13-05-2021
CUST384,Neeraj Hegde,32,Male,Guwahati,Assam,Salaried,1090598,529,16-05-2021
CUST385,Ranjana Saxena,30,Female,Kolkata,West Bengal,Business,1679408,724,03-09-2022
CUST386,Neha Gupta,54,Female,Noida,Uttar Pradesh,Salaried,467382,368,14-09-2021
CUST387,Ritu Bose,26,Female,Kolkata,West Bengal,Self-Employed,493911,460,20-02-2020
CUST388,Aryan Mehta,38,Male,Kochi,Kerala,Self-Employed,382937,313,10-02-2020
CUST389,Kalyani Krishnan,58,Female,Guwahati,Assam,Salaried,419036,389,26-05-2021
CUST390,Swapna Shukla,21,Female,Jaipur,Rajasthan,Business,746029,577,16-05-2023
CUST391,Usha Narayanan,36,Female,Surat,Gujarat,Self-Employed,1131797,543,10-08-2021
CUST392,Harsha Thakur,39,Female,Kochi,Kerala,Salaried,880233,511,17-06-2021
CUST393,Ankur Thakur,44,Male,Patna,Bihar,Business,1477281,594,08-04-2023
CUST394,Chetana Jain,41,Female,Jaipur,Rajasthan,Salaried,634037,369,25-06-2020
CUST395,Tanvi Dubey,30,Female,Mumbai,Maharashtra,Salaried,1180165,644,07-09-2022
CUST396,Dinesh Murthy,30,Male,Jaipur,Rajasthan,Salaried,598290,494,03-10-2020
CUST397,Srikanth Venkat,56,Male,Chennai,Tamil Nadu,Salaried,1061501,590,03-07-2023
CUST398,Sachin Goswami,31,Male,Hyderabad,Telangana,Salaried,955303,577,24-06-2023
CUST399,Sumit Pillai,55,Male,Pune,Maharashtra,Salaried,1079827,488,18-07-2018
CUST400,Chetana Jain,21,Female,Coimbatore,Tamil Nadu,Salaried,861338,474,06-10-2018
CUST401,Poonam Pandey,30,Female,Mumbai,Maharashtra,Salaried,678160,464,05-09-2018
CUST402,Meera Iyer,61,Female,Surat,Gujarat,Business,1882619,794,06-03-2018
CUST403,Aarav Sharma,55,Male,Guwahati,Assam,Salaried,217538,389,30-01-2021
CUST404,Uday Bhosale,39,Male,Mumbai,Maharashtra,Salaried,931758,604,30-10-2022
CUST405,Madhuri Sawant,32,Female,Delhi,Delhi,Business,1599715,637,14-09-2020
CUST406,Vikram Bose,60,Male,Patna,Bihar,Salaried,571658,410,14-06-2022
CUST407,Gaurav Tiwari,44,Male,Kochi,Kerala,Salaried,455021,491,14-07-2020
CUST408,Girish Naik,64,Male,Nagpur,Maharashtra,Self-Employed,366447,314,19-07-2022
CUST409,Neeraj Hegde,45,Male,Guwahati,Assam,Salaried,867678,418,03-12-2019
CUST410,Gaurav Tiwari,52,Male,Coimbatore,Tamil Nadu,Self-Employed,994724,592,26-01-2019
CUST411,Sonam Murthy,54,Female,Pune,Maharashtra,Salaried,1145053,663,02-05-2023
CUST412,Arun Dubey,23,Male,Nagpur,Maharashtra,Self-Employed,887984,560,15-05-2018
CUST413,Shubham Tripathi,41,Male,Mumbai,Maharashtra,Business,1731103,668,20-06-2022
CUST414,Varsha More,25,Female,Bengaluru,Karnataka,Salaried,452153,458,13-05-2022
CUST415,Nisha Sinha,55,Female,Chennai,Tamil Nadu,Salaried,975679,478,18-11-2018
CUST416,Suresh Kadam,43,Male,Pune,Maharashtra,Salaried,443420,329,27-10-2021
CUST417,Kavita Nair,60,Female,Surat,Gujarat,Salaried,1011131,535,02-05-2018
CUST418,Deepa Agarwal,38,Female,Kolkata,West Bengal,Salaried,573095,484,18-03-2022
CUST419,Rajiv Lal,32,Male,Ahmedabad,Gujarat,Self-Employed,479713,516,24-04-2021
CUST420,Kalyani Krishnan,36,Female,Nagpur,Maharashtra,Salaried,361712,387,24-09-2019
CUST421,Tanvi Dubey,45,Female,Chennai,Tamil Nadu,Salaried,295966,300,16-06-2021
CUST422,Ravi Chakraborty,44,Male,Chandigarh,Punjab,Salaried,291537,319,01-11-2022
CUST423,Rohit Mathur,56,Male,Guwahati,Assam,Salaried,308310,300,03-01-2019
CUST424,Mayank Kulkarni,56,Male,Nagpur,Maharashtra,Self-Employed,980379,543,20-02-2018
CUST425,Dinesh Murthy,47,Male,Kochi,Kerala,Self-Employed,1473433,630,05-11-2023
CUST426,Sandeep Iyer,64,Male,Kochi,Kerala,Salaried,481981,397,04-01-2021
CUST427,Srikanth Venkat,30,Male,Nagpur,Maharashtra,Salaried,489366,429,12-05-2021
CUST428,Shivam Misra,25,Male,Hyderabad,Telangana,Salaried,458568,498,24-07-2023
CUST429,Rekha Joshi,60,Female,Jaipur,Rajasthan,Salaried,342071,362,28-01-2018
CUST430,Parth Krishnan,42,Male,Surat,Gujarat,Salaried,1104080,560,09-12-2022
CUST431,Jatin Acharya,48,Male,Surat,Gujarat,Salaried,536241,488,02-04-2020
CUST432,Shivam Misra,41,Male,Gurgaon,Haryana,Business,1169280,566,05-07-2023
CUST433,Sneha Patel,36,Female,Chennai,Tamil Nadu,Salaried,1056156,564,04-02-2022
CUST434,Manish Shah,57,Male,Jaipur,Rajasthan,Self-Employed,1444267,607,21-04-2018
CUST435,Shreya Malhotra,50,Female,Jaipur,Rajasthan,Salaried,505482,503,11-10-2018
CUST436,Nalini Garg,47,Female,Bhubaneswar,Odisha,Salaried,517543,390,31-10-2020
CUST437,Pallavi Pillai,30,Female,Coimbatore,Tamil Nadu,Self-Employed,455116,427,17-05-2023
CUST438,Anjali Verma,46,Female,Guwahati,Assam,Salaried,1165101,668,10-09-2022
CUST439,Vinay Bhandari,23,Male,Hyderabad,Telangana,Self-Employed,1425973,708,15-12-2018
CUST440,Kunal Desai,36,Male,Hyderabad,Telangana,Salaried,842439,421,25-06-2022
CUST441,Bharati Patil,42,Female,Coimbatore,Tamil Nadu,Salaried,303396,341,28-06-2020
CUST442,Swapnil Khatri,54,Male,Guwahati,Assam,Self-Employed,763537,504,13-03-2022
CUST443,Parth Krishnan,50,Male,Ahmedabad,Gujarat,Self-Employed,616135,442,11-04-2018
CUST444,Shivam Misra,27,Male,Bengaluru,Karnataka,Salaried,290025,301,04-08-2019
CUST445,Lokesh Trivedi,40,Male,Chennai,Tamil Nadu,Salaried,416916,437,02-06-2023
CUST446,Lokesh Trivedi,51,Male,Delhi,Delhi,Salaried,930609,547,30-07-2021
CUST447,Deepak Nair,40,Male,Pune,Maharashtra,Self-Employed,541351,340,06-11-2021
CUST448,Ritu Bose,27,Female,Gurgaon,Haryana,Business,1011522,584,16-12-2019
CUST449,Priya Sharma,31,Female,Chennai,Tamil Nadu,Self-Employed,1268997,576,18-07-2022
CUST450,Shalini Reddy,32,Female,Gurgaon,Haryana,Self-Employed,1206251,602,30-04-2018
CUST451,Tanvi Dubey,60,Female,Jaipur,Rajasthan,Salaried,650418,461,19-01-2018
CUST452,Poonam Pandey,34,Female,Jaipur,Rajasthan,Salaried,937945,450,21-02-2019
CUST453,Kalyani Krishnan,55,Female,Gurgaon,Haryana,Salaried,406647,418,12-04-2019
CUST454,Ankur Thakur,63,Male,Bhubaneswar,Odisha,Salaried,870153,497,11-05-2022
CUST455,Sunita Rao,46,Female,Ahmedabad,Gujarat,Salaried,569082,459,08-12-2019
CUST456,Nalini Garg,64,Female,Bengaluru,Karnataka,Business,1737672,655,03-07-2019
CUST457,Hitesh Menon,28,Male,Lucknow,Uttar Pradesh,Salaried,391936,392,03-08-2019
CUST458,Swapnil Khatri,45,Male,Coimbatore,Tamil Nadu,Self-Employed,1104698,584,31-01-2020
CUST459,Sidharth Ahuja,61,Male,Guwahati,Assam,Self-Employed,663299,507,15-11-2019
CUST460,Sidharth Ahuja,39,Male,Noida,Uttar Pradesh,Salaried,1082885,585,08-08-2018
CUST461,Sarita Shah,43,Female,Mumbai,Maharashtra,Salaried,404607,399,02-09-2023
CUST462,Ananya Kumar,52,Female,Coimbatore,Tamil Nadu,Self-Employed,1171640,673,24-12-2022
CUST463,Sidharth Ahuja,31,Male,Nagpur,Maharashtra,Self-Employed,762483,464,14-05-2018
CUST464,Bhavesh Kothari,35,Male,Guwahati,Assam,Salaried,1018665,571,22-07-2023
CUST465,Priya Sharma,53,Female,Delhi,Delhi,Self-Employed,861803,613,11-02-2022
CUST466,Vinay Bhandari,23,Male,Kolkata,West Bengal,Salaried,645807,387,10-10-2020
CUST467,Girish Naik,23,Male,Kolkata,West Bengal,Salaried,1104081,498,04-12-2022
CUST468,Sarita Shah,28,Female,Lucknow,Uttar Pradesh,Salaried,973443,593,07-12-2021
CUST469,Sarita Shah,60,Female,Coimbatore,Tamil Nadu,Salaried,345998,486,26-04-2020
CUST470,Nalini Garg,34,Female,Pune,Maharashtra,Self-Employed,1416273,625,21-11-2019
CUST471,Ishaan Rathore,39,Male,Bengaluru,Karnataka,Self-Employed,1378806,717,26-01-2019
CUST472,Piyush Bhatt,47,Male,Pune,Maharashtra,Business,1875514,700,28-06-2019
CUST473,Aniket Patil,30,Male,Chennai,Tamil Nadu,Self-Employed,1123553,605,06-08-2019
CUST474,Sneha Patel,61,Female,Chandigarh,Punjab,Self-Employed,1086793,586,06-11-2018
CUST475,Deepa Agarwal,26,Female,Kochi,Kerala,Salaried,491740,499,20-02-2022
CUST476,Sachin Goswami,52,Male,Chennai,Tamil Nadu,Self-Employed,495332,510,21-02-2023
CUST477,Deepa Agarwal,63,Female,Hyderabad,Telangana,Business,1620769,706,11-06-2020
CUST478,Pulkit Pandya,34,Male,Bhubaneswar,Odisha,Salaried,1068581,539,15-10-2021
CUST479,Priya Sharma,57,Female,Noida,Uttar Pradesh,Self-Employed,1317827,616,18-07-2018
CUST480,Arjun Singh,27,Male,Kolkata,West Bengal,Salaried,1174581,533,13-12-2022
CUST481,Sachin Goswami,21,Male,Coimbatore,Tamil Nadu,Salaried,922040,463,21-05-2021
CUST482,Rohan Saxena,38,Male,Nagpur,Maharashtra,Self-Employed,825104,427,04-03-2022
CUST483,Rashmi Chauhan,62,Female,Gurgaon,Haryana,Salaried,855993,491,17-08-2020
CUST484,Pulkit Pandya,62,Male,Nagpur,Maharashtra,Self-Employed,302278,329,08-05-2023
CUST485,Devendra Rao,29,Male,Ahmedabad,Gujarat,Salaried,913013,541,08-02-2018
CUST486,Aditya Verma,65,Male,Chennai,Tamil Nadu,Self-Employed,1185656,673,26-06-2019
CUST487,Shivam Misra,25,Male,Lucknow,Uttar Pradesh,Salaried,966260,467,27-02-2019
CUST488,Hitesh Menon,44,Male,Bengaluru,Karnataka,Salaried,1011032,644,30-06-2019
CUST489,Ritu Bose,64,Female,Noida,Uttar Pradesh,Salaried,790653,399,04-11-2019
CUST490,Ravi Chakraborty,43,Male,Jaipur,Rajasthan,Self-Employed,617454,459,18-12-2022
CUST491,Sarita Shah,34,Female,Nagpur,Maharashtra,Business,793628,590,20-05-2019
CUST492,Divya Mehta,45,Female,Hyderabad,Telangana,Business,1159561,524,11-10-2020
CUST493,Bhavesh Kothari,62,Male,Nagpur,Maharashtra,Salaried,830193,560,13-03-2021
CUST494,Harsha Thakur,65,Female,Mumbai,Maharashtra,Self-Employed,932604,485,22-10-2023
CUST495,Kavita Nair,53,Female,Jaipur,Rajasthan,Self-Employed,919796,594,12-08-2018
CUST496,Isha Kulkarni,36,Female,Bhubaneswar,Odisha,Salaried,452792,440,18-10-2018
CUST497,Tushar Samant,21,Male,Hyderabad,Telangana,Business,776788,493,20-09-2022
CUST498,Mihir Bhat,55,Male,Gurgaon,Haryana,Self-Employed,453074,317,04-10-2018
CUST499,Aditya Verma,37,Male,Jaipur,Rajasthan,Salaried,263406,366,07-09-2023
CUST500,Chirag Shukla,61,Male,Patna,Bihar,Self-Employed,1188301,676,06-07-2022
CUST501,Gaurav Tiwari,61,Male,Guwahati,Assam,Salaried,360097,361,09-12-2018
CUST502,Hardik Parekh,26,Male,Patna,Bihar,Business,825849,543,31-08-2021
CUST503,Parth Krishnan,58,Male,Nagpur,Maharashtra,Salaried,658737,550,04-09-2020
CUST504,Ashish Kumar,36,Male,Nagpur,Maharashtra,Business,743241,501,14-08-2018
CUST505,Hardik Parekh,63,Male,Gurgaon,Haryana,Salaried,942287,470,16-02-2018
CUST506,Rohan Saxena,52,Male,Hyderabad,Telangana,Salaried,1021021,639,27-11-2020
CUST507,Sandeep Iyer,44,Male,Noida,Uttar Pradesh,Self-Employed,863639,602,29-04-2019
CUST508,Garima Chaudhary,22,Female,Chennai,Tamil Nadu,Self-Employed,870384,551,19-09-2018
CUST509,Ankur Thakur,57,Male,Nagpur,Maharashtra,Salaried,735593,475,16-08-2018
CUST510,Srikanth Venkat,57,Male,Gurgaon,Haryana,Salaried,467508,513,26-02-2019
CUST511,Sonam Murthy,57,Female,Delhi,Delhi,Salaried,733541,383,30-06-2018
CUST512,Ranjana Saxena,21,Female,Lucknow,Uttar Pradesh,Salaried,581657,443,07-09-2019
CUST513,Shubham Tripathi,23,Male,Guwahati,Assam,Self-Employed,1179481,551,11-08-2021
CUST514,Aniket Patil,47,Male,Chennai,Tamil Nadu,Salaried,281670,416,08-03-2022
CUST515,Mohit Srivastava,53,Male,Pune,Maharashtra,Salaried,1043409,592,08-07-2018
CUST516,Pranav Jha,25,Male,Kolkata,West Bengal,Business,1151580,570,20-12-2018
CUST517,Priya Sharma,50,Female,Mumbai,Maharashtra,Salaried,505759,470,29-05-2021
CUST518,Tanvi Dubey,60,Female,Lucknow,Uttar Pradesh,Salaried,820432,531,11-03-2020
CUST519,Shreya Malhotra,55,Female,Lucknow,Uttar Pradesh,Salaried,1177689,598,08-04-2018
CUST520,Ajay Chauhan,55,Male,Hyderabad,Telangana,Self-Employed,320121,365,06-01-2018
CUST521,Chetana Jain,63,Female,Kochi,Kerala,Self-Employed,944896,462,20-04-2020
CUST522,Tushar Samant,36,Male,Coimbatore,Tamil Nadu,Salaried,262804,301,20-02-2021
CUST523,Harsh Pandey,23,Male,Lucknow,Uttar Pradesh,Business,1590014,702,06-03-2022
CUST524,Sachin Goswami,26,Male,Ahmedabad,Gujarat,Salaried,339999,447,04-06-2022
CUST525,Devendra Rao,58,Male,Ahmedabad,Gujarat,Salaried,894622,456,27-08-2020
CUST526,Dinesh Murthy,37,Male,Chennai,Tamil Nadu,Business,1324081,710,29-08-2021
CUST527,Hitesh Menon,49,Male,Chandigarh,Punjab,Salaried,1189388,548,12-07-2019
CUST528,Harsha Thakur,58,Female,Delhi,Delhi,Salaried,372359,408,24-03-2023
CUST529,Hitesh Menon,47,Male,Delhi,Delhi,Salaried,1007756,504,26-01-2023
CUST530,Hardik Parekh,50,Male,Chandigarh,Punjab,Business,689626,412,31-05-2021
CUST531,Nandita Menon,65,Female,Surat,Gujarat,Salaried,1076530,552,31-08-2019
CUST532,Harsh Pandey,36,Male,Hyderabad,Telangana,Salaried,251328,435,09-05-2021
CUST533,Ankur Thakur,32,Male,Mumbai,Maharashtra,Business,1448334,704,20-10-2020
CUST534,Karan Malhotra,50,Male,Delhi,Delhi,Self-Employed,593167,379,18-02-2018
CUST535,Ashish Kumar,35,Male,Noida,Uttar Pradesh,Salaried,620040,450,11-12-2018
CUST536,Anjali Verma,58,Female,Chandigarh,Punjab,Business,657259,369,22-09-2018
CUST537,Vivek Chaudhary,62,Male,Kolkata,West Bengal,Self-Employed,492893,407,17-05-2019
CUST538,Arjun Singh,50,Male,Pune,Maharashtra,Salaried,801761,510,06-06-2022
CUST539,Srikanth Venkat,22,Male,Kochi,Kerala,Self-Employed,662402,455,29-05-2020
CUST540,Swapna Shukla,32,Female,Chandigarh,Punjab,Salaried,1126336,519,22-05-2018
CUST541,Sunita Rao,60,Female,Surat,Gujarat,Salaried,509440,454,15-08-2022
CUST542,Seema Acharya,56,Female,Bhubaneswar,Odisha,Salaried,493366,421,17-07-2019
CUST543,Pritam Das,33,Male,Patna,Bihar,Salaried,1041134,599,21-03-2018
CUST544,Neeraj Hegde,43,Male,Bhubaneswar,Odisha,Salaried,708223,465,20-08-2023
CUST545,Ishaan Rathore,45,Male,Chandigarh,Punjab,Salaried,534367,485,16-06-2020
CUST546,Amit Patel,38,Male,Pune,Maharashtra,Self-Employed,1289193,657,04-01-2022
CUST547,Garima Chaudhary,58,Female,Lucknow,Uttar Pradesh,Business,709996,440,14-09-2020
CUST548,Arun Dubey,55,Male,Pune,Maharashtra,Self-Employed,760139,537,10-05-2022
CUST549,Mayank Kulkarni,32,Male,Gurgaon,Haryana,Salaried,533451,521,09-01-2022
CUST550,Swapna Shukla,58,Female,Mumbai,Maharashtra,Self-Employed,1037530,604,06-08-2019
CUST551,Pooja Singh,33,Female,Bhubaneswar,Odisha,Salaried,384084,421,05-06-2018
CUST552,Harsh Pandey,24,Male,Lucknow,Uttar Pradesh,Self-Employed,341792,419,12-05-2023
CUST553,Aarav Sharma,42,Male,Surat,Gujarat,Salaried,336828,371,28-12-2019
CUST554,Usha Narayanan,41,Female,Pune,Maharashtra,Salaried,815104,583,04-08-2019
CUST555,Harsha Thakur,28,Female,Patna,Bihar,Business,652109,458,09-06-2022
CUST556,Divya Mehta,27,Female,Chennai,Tamil Nadu,Salaried,343079,325,25-11-2022
CUST557,Jyoti Hegde,61,Female,Bhubaneswar,Odisha,Self-Employed,665329,547,01-01-2022
CUST558,Abhishek Banerjee,63,Male,Ahmedabad,Gujarat,Self-Employed,1093528,551,21-04-2021
CUST559,Nikhil Agarwal,32,Male,Mumbai,Maharashtra,Business,1701321,725,13-05-2018
CUST560,Sumit Pillai,59,Male,Chennai,Tamil Nadu,Business,1782159,701,03-03-2019
CUST561,Vidya Lal,52,Female,Noida,Uttar Pradesh,Salaried,281586,330,21-11-2021
CUST562,Hitesh Menon,31,Male,Nagpur,Maharashtra,Self-Employed,1004117,565,16-02-2018
CUST563,Ankur Thakur,34,Male,Lucknow,Uttar Pradesh,Self-Employed,1035012,523,19-03-2019
CUST564,Lakshmi Banerjee,21,Female,Pune,Maharashtra,Salaried,968170,549,13-11-2019
CUST565,Shruti Kothari,47,Female,Bhubaneswar,Odisha,Business,1236585,648,18-03-2022
CUST566,Karan Malhotra,51,Male,Ahmedabad,Gujarat,Self-Employed,773081,434,23-01-2023
CUST567,Devendra Rao,23,Male,Bengaluru,Karnataka,Salaried,473812,344,31-10-2018
CUST568,Kaushik Doshi,31,Male,Kochi,Kerala,Salaried,278645,409,17-01-2019
CUST569,Kaushik Doshi,59,Male,Surat,Gujarat,Business,1977453,701,02-11-2022
CUST570,Ananya Kumar,31,Female,Surat,Gujarat,Business,829470,420,19-02-2019
CUST571,Jatin Acharya,34,Male,Jaipur,Rajasthan,Salaried,781028,579,22-12-2020
CUST572,Pallavi Pillai,39,Female,Bengaluru,Karnataka,Salaried,252046,363,04-07-2023
CUST573,Rajesh Yadav,24,Male,Hyderabad,Telangana,Salaried,291884,347,22-05-2023
CUST574,Vivek Chaudhary,27,Male,Mumbai,Maharashtra,Salaried,869191,491,02-12-2018
CUST575,Saurabh Wagh,28,Male,Bengaluru,Karnataka,Self-Employed,1287642,646,21-12-2020
CUST576,Harsh Pandey,62,Male,Guwahati,Assam,Salaried,589043,444,22-02-2022
CUST577,Sumit Pillai,49,Male,Pune,Maharashtra,Salaried,687648,438,15-07-2020
CUST578,Preeti Doshi,38,Female,Ahmedabad,Gujarat,Salaried,988775,625,01-02-2019
CUST579,Gaurav Tiwari,63,Male,Hyderabad,Telangana,Self-Employed,1168192,685,20-07-2020
CUST580,Priya Sharma,24,Female,Kochi,Kerala,Self-Employed,1177935,631,29-04-2023
CUST581,Sneha Patel,36,Female,Bhubaneswar,Odisha,Salaried,613982,535,23-05-2018
CUST582,Suresh Kadam,57,Male,Patna,Bihar,Self-Employed,609220,382,14-01-2023
CUST583,Shubham Tripathi,31,Male,Jaipur,Rajasthan,Self-Employed,564631,351,01-10-2022
CUST584,Gaurav Tiwari,64,Male,Coimbatore,Tamil Nadu,Salaried,1062520,625,29-08-2019
CUST585,Payal Rathore,59,Female,Chandigarh,Punjab,Salaried,962422,457,23-12-2018
CUST586,Nitin Sawant,56,Male,Kochi,Kerala,Self-Employed,879235,552,20-02-2023
CUST587,Usha Narayanan,21,Female,Surat,Gujarat,Self-Employed,1179952,522,25-08-2022
CUST588,Rajesh Yadav,30,Male,Ahmedabad,Gujarat,Self-Employed,510143,354,18-02-2019
CUST589,Isha Kulkarni,39,Female,Guwahati,Assam,Business,1361698,607,18-04-2022
CUST590,Ananya Kumar,52,Female,Ahmedabad,Gujarat,Self-Employed,378571,338,02-02-2021
CUST591,Pranav Jha,30,Male,Surat,Gujarat,Self-Employed,1142467,494,10-06-2022
CUST592,Shruti Kothari,42,Female,Lucknow,Uttar Pradesh,Salaried,698302,442,06-03-2022
CUST593,Akash Gupta,42,Male,Bengaluru,Karnataka,Salaried,1083788,595,07-02-2019
CUST594,Savita Tripathi,35,Female,Noida,Uttar Pradesh,Salaried,979850,557,07-08-2021
CUST595,Arun Dubey,47,Male,Surat,Gujarat,Self-Employed,694129,486,15-05-2020
CUST596,Swapna Shukla,47,Female,Bhubaneswar,Odisha,Self-Employed,1084146,485,12-10-2023
CUST597,Jyoti Hegde,31,Female,Nagpur,Maharashtra,Salaried,731413,485,10-07-2019
CUST598,Harsha Thakur,54,Female,Ahmedabad,Gujarat,Salaried,402127,351,25-08-2018
CUST599,Aniket Patil,23,Male,Kolkata,West Bengal,Salaried,577880,524,26-03-2020
CUST600,Bhavesh Kothari,44,Male,Kolkata,West Bengal,Salaried,866275,447,06-05-2018
CUST601,Aman Sinha,44,Male,Bhubaneswar,Odisha,Self-Employed,672419,489,03-12-2021
CUST602,Lokesh Trivedi,31,Male,Chandigarh,Punjab,Self-Employed,489565,394,23-04-2018
CUST603,Nitin Sawant,24,Male,Gurgaon,Haryana,Business,949458,493,11-07-2020
CUST604,Nisha Sinha,34,Female,Chandigarh,Punjab,Self-Employed,1376428,549,06-02-2018
CUST605,Saurabh Wagh,29,Male,Gurgaon,Haryana,Self-Employed,317749,336,30-10-2020
CUST606,Kavita Nair,40,Female,Chandigarh,Punjab,Salaried,594763,437,24-02-2023
CUST607,Ankit Jain,34,Male,Kolkata,West Bengal,Salaried,745928,545,15-06-2022
CUST608,Anjali Verma,27,Female,Mumbai,Maharashtra,Salaried,894530,518,03-03-2021
CUST609,Girish Naik,64,Male,Delhi,Delhi,Salaried,552618,408,24-08-2021
CUST610,Sarita Shah,38,Female,Chandigarh,Punjab,Self-Employed,926610,479,07-09-2019
CUST611,Tarun Oberoi,36,Male,Pune,Maharashtra,Self-Employed,1147455,655,02-08-2021
CUST612,Rohini Tiwari,29,Female,Mumbai,Maharashtra,Self-Employed,919927,495,11-09-2022
CUST613,Pranav Jha,45,Male,Pune,Maharashtra,Self-Employed,1499659,622,06-11-2021
CUST614,Lakshmi Banerjee,35,Female,Guwahati,Assam,Self-Employed,1297689,695,08-01-2022
CUST615,Suresh Kadam,40,Male,Gurgaon,Haryana,Self-Employed,1470731,613,18-04-2021
CUST616,Karan Malhotra,51,Male,Noida,Uttar Pradesh,Self-Employed,1472374,763,20-01-2020
CUST617,Rohini Tiwari,42,Female,Nagpur,Maharashtra,Salaried,434176,498,11-06-2021
CUST618,Pritam Das,42,Male,Hyderabad,Telangana,Salaried,508334,445,28-04-2019
CUST619,Saurabh Wagh,24,Male,Ahmedabad,Gujarat,Self-Employed,449350,432,07-03-2020
CUST620,Suresh Kadam,28,Male,Kochi,Kerala,Salaried,633174,371,10-09-2019
CUST621,Piyush Bhatt,33,Male,Chennai,Tamil Nadu,Salaried,797062,516,10-08-2019
CUST622,Hitesh Menon,32,Male,Nagpur,Maharashtra,Salaried,861685,460,07-07-2021
CUST623,Deepa Agarwal,24,Female,Mumbai,Maharashtra,Salaried,419553,498,22-11-2019
CUST624,Sneha Patel,31,Female,Bhubaneswar,Odisha,Self-Employed,484636,354,12-11-2022
CUST625,Deepa Agarwal,48,Female,Kochi,Kerala,Salaried,700590,473,20-01-2018
CUST626,Anand Joshi,55,Male,Jaipur,Rajasthan,Self-Employed,329521,364,16-12-2023
CUST627,Vikram Bose,22,Male,Mumbai,Maharashtra,Self-Employed,821819,462,11-11-2021
CUST628,Hardik Parekh,29,Male,Delhi,Delhi,Salaried,817265,482,16-11-2019
CUST629,Deepak Nair,23,Male,Bengaluru,Karnataka,Business,1456146,750,02-11-2023
CUST630,Rekha Joshi,54,Female,Chennai,Tamil Nadu,Salaried,920141,464,04-11-2021
CUST631,Soni Parekh,52,Female,Hyderabad,Telangana,Self-Employed,645785,464,20-03-2018
CUST632,Ajay Chauhan,35,Male,Noida,Uttar Pradesh,Salaried,222977,405,29-08-2023
CUST633,Sandeep Iyer,28,Male,Hyderabad,Telangana,Self-Employed,378356,390,13-11-2020
CUST634,Garima Chaudhary,55,Female,Surat,Gujarat,Salaried,250290,431,19-03-2019
CUST635,Ananya Kumar,22,Female,Pune,Maharashtra,Self-Employed,1174041,606,07-04-2022
CUST636,Mohit Srivastava,56,Male,Chandigarh,Punjab,Salaried,360565,342,08-02-2018
CUST637,Girish Naik,47,Male,Delhi,Delhi,Self-Employed,866183,575,16-07-2019
CUST638,Pritam Das,27,Male,Patna,Bihar,Self-Employed,546907,408,12-04-2019
CUST639,Isha Kulkarni,27,Female,Bhubaneswar,Odisha,Salaried,409452,501,13-12-2020
CUST640,Payal Rathore,54,Female,Jaipur,Rajasthan,Salaried,629660,432,19-10-2019
CUST641,Arjun Singh,56,Male,Bhubaneswar,Odisha,Business,1943268,808,16-09-2021
CUST642,Aman Sinha,21,Male,Mumbai,Maharashtra,Self-Employed,531590,478,17-07-2023
CUST643,Rajesh Yadav,26,Male,Patna,Bihar,Salaried,958724,464,14-11-2020
CUST644,Ritu Bose,35,Female,Kolkata,West Bengal,Business,1120803,547,17-03-2023
CUST645,Aryan Mehta,27,Male,Gurgaon,Haryana,Business,1109363,569,04-07-2021
CUST646,Pulkit Pandya,28,Male,Delhi,Delhi,Business,596236,351,21-07-2019
CUST647,Pallavi Pillai,62,Female,Gurgaon,Haryana,Salaried,1137980,596,03-01-2021
CUST648,Seema Acharya,26,Female,Hyderabad,Telangana,Self-Employed,683504,399,30-06-2022
CUST649,Pranav Jha,50,Male,Chandigarh,Punjab,Self-Employed,1302952,632,15-11-2019
CUST650,Manish Shah,29,Male,Pune,Maharashtra,Business,834276,434,01-09-2022
CUST651,Swapna Shukla,58,Female,Bhubaneswar,Odisha,Self-Employed,1218894,550,05-04-2022
CUST652,Harsha Thakur,43,Female,Surat,Gujarat,Salaried,917712,615,20-06-2019
CUST653,Shivam Misra,52,Male,Delhi,Delhi,Business,1424189,567,17-09-2018
CUST654,Ankur Thakur,62,Male,Chennai,Tamil Nadu,Salaried,1110512,650,20-11-2023
CUST655,Garima Chaudhary,57,Female,Ahmedabad,Gujarat,Salaried,902382,511,28-10-2023
CUST656,Tarun Oberoi,65,Male,Surat,Gujarat,Salaried,893856,609,15-10-2020
CUST657,Shivam Misra,43,Male,Kochi,Kerala,Salaried,1066582,608,12-08-2018
CUST658,Aditya Verma,62,Male,Gurgaon,Haryana,Salaried,692085,499,09-11-2019
CUST659,Devendra Rao,52,Male,Chennai,Tamil Nadu,Salaried,491668,334,08-09-2023
CUST660,Abhishek Banerjee,56,Male,Kochi,Kerala,Salaried,446415,331,24-02-2023
CUST661,Ravi Chakraborty,57,Male,Kolkata,West Bengal,Salaried,722669,494,18-07-2021
CUST662,Mohit Srivastava,52,Male,Mumbai,Maharashtra,Salaried,632368,367,01-01-2018
CUST663,Nandita Menon,26,Female,Surat,Gujarat,Business,1837014,736,14-09-2023
CUST664,Neha Gupta,34,Female,Kolkata,West Bengal,Business,1261984,528,02-07-2020
CUST665,Priyanka Bhatt,50,Female,Chennai,Tamil Nadu,Self-Employed,1292233,706,28-01-2022
CUST666,Geeta Kapoor,49,Female,Delhi,Delhi,Salaried,890917,478,09-01-2018
CUST667,Kaushik Doshi,43,Male,Bengaluru,Karnataka,Salaried,592052,527,12-03-2019
CUST668,Arjun Singh,31,Male,Bhubaneswar,Odisha,Salaried,951678,627,04-08-2022
CUST669,Kunal Desai,37,Male,Surat,Gujarat,Salaried,326611,381,02-06-2020
CUST670,Sachin Goswami,33,Male,Chennai,Tamil Nadu,Salaried,634603,369,20-05-2019
CUST671,Garima Chaudhary,49,Female,Kolkata,West Bengal,Self-Employed,1357378,573,06-08-2023
CUST672,Aarav Sharma,54,Male,Pune,Maharashtra,Self-Employed,1207669,650,02-06-2023
CUST673,Varsha More,53,Female,Gurgaon,Haryana,Self-Employed,664171,553,10-06-2019
CUST674,Kunal Desai,45,Male,Surat,Gujarat,Self-Employed,974955,572,25-04-2022
CUST675,Pritam Das,59,Male,Lucknow,Uttar Pradesh,Salaried,559513,414,29-01-2023
CUST676,Madhuri Sawant,29,Female,Noida,Uttar Pradesh,Salaried,934018,624,30-09-2023
CUST677,Girish Naik,65,Male,Guwahati,Assam,Business,1992908,886,09-06-2020
CUST678,Vivek Chaudhary,34,Male,Surat,Gujarat,Self-Employed,1024133,628,28-06-2019
CUST679,Poonam Pandey,62,Female,Gurgaon,Haryana,Salaried,928038,595,13-08-2021
CUST680,Poonam Pandey,28,Female,Hyderabad,Telangana,Self-Employed,1496715,744,06-09-2022
CUST681,Nisha Sinha,55,Female,Bengaluru,Karnataka,Business,1385808,549,12-11-2023
CUST682,Kunal Desai,22,Male,Kochi,Kerala,Salaried,902812,439,29-03-2020
CUST683,Arun Dubey,31,Male,Bengaluru,Karnataka,Self-Employed,607082,366,23-04-2021
CUST684,Yash Kapoor,55,Male,Pune,Maharashtra,Salaried,674579,394,07-07-2020
CUST685,Aparna Naik,62,Female,Guwahati,Assam,Salaried,735740,583,24-03-2021
CUST686,Swati Desai,63,Female,Pune,Maharashtra,Business,1312761,634,04-07-2021
CUST687,Priya Sharma,24,Female,Mumbai,Maharashtra,Self-Employed,725904,539,20-12-2022
CUST688,Payal Rathore,35,Female,Hyderabad,Telangana,Self-Employed,1446335,750,15-03-2020
CUST689,Harsha Thakur,33,Female,Bengaluru,Karnataka,Salaried,915819,447,05-02-2020
CUST690,Shubham Tripathi,53,Male,Delhi,Delhi,Salaried,649323,433,18-12-2020
CUST691,Nikhil Agarwal,31,Male,Ahmedabad,Gujarat,Self-Employed,311838,361,26-03-2023
CUST692,Poonam Pandey,30,Female,Pune,Maharashtra,Salaried,538302,486,28-07-2018
CUST693,Harsha Thakur,61,Female,Surat,Gujarat,Self-Employed,931567,557,06-01-2022
CUST694,Devendra Rao,41,Male,Patna,Bihar,Salaried,392800,431,07-10-2018
CUST695,Isha Kulkarni,53,Female,Gurgaon,Haryana,Salaried,763123,493,12-01-2019
CUST696,Lokesh Trivedi,35,Male,Jaipur,Rajasthan,Self-Employed,994296,540,17-04-2021
CUST697,Aakash Reddy,60,Male,Patna,Bihar,Salaried,788602,589,06-02-2018
CUST698,Manish Shah,63,Male,Hyderabad,Telangana,Salaried,1148433,651,25-09-2020
CUST699,Arjun Singh,64,Male,Chennai,Tamil Nadu,Salaried,1034883,487,30-04-2022
CUST700,Ankit Jain,55,Male,Bengaluru,Karnataka,Salaried,741975,582,16-03-2022
CUST701,Swapnil Khatri,53,Male,Kolkata,West Bengal,Salaried,510833,493,28-02-2020
CUST702,Ishaan Rathore,53,Male,Nagpur,Maharashtra,Business,851052,609,25-12-2023
CUST703,Aarav Sharma,61,Male,Nagpur,Maharashtra,Salaried,860093,613,23-05-2020
CUST704,Sarita Shah,64,Female,Coimbatore,Tamil Nadu,Self-Employed,731131,519,18-11-2022
CUST705,Ritu Bose,25,Female,Noida,Uttar Pradesh,Salaried,951690,521,05-06-2018
CUST706,Harsh Pandey,25,Male,Pune,Maharashtra,Salaried,464144,458,16-10-2018
CUST707,Sneha Patel,35,Female,Chandigarh,Punjab,Salaried,673039,529,15-07-2022
CUST708,Rajiv Lal,41,Male,Mumbai,Maharashtra,Salaried,324052,417,25-01-2018
CUST709,Ritu Bose,60,Female,Nagpur,Maharashtra,Self-Employed,395455,477,25-10-2018
CUST710,Mayank Kulkarni,53,Male,Delhi,Delhi,Salaried,919195,506,21-12-2018
CUST711,Chirag Shukla,49,Male,Kochi,Kerala,Salaried,892818,430,26-04-2023
CUST712,Rohan Saxena,55,Male,Lucknow,Uttar Pradesh,Salaried,609985,491,23-04-2021
CUST713,Deepa Agarwal,30,Female,Bengaluru,Karnataka,Self-Employed,1082511,472,03-08-2019
CUST714,Mohit Srivastava,23,Male,Mumbai,Maharashtra,Self-Employed,1126449,618,15-12-2018
CUST715,Hardik Parekh,34,Male,Hyderabad,Telangana,Salaried,1149619,652,01-10-2023
CUST716,Rahul Mishra,31,Male,Gurgaon,Haryana,Salaried,1075297,532,06-03-2020
CUST717,Manish Shah,32,Male,Ahmedabad,Gujarat,Business,1651024,730,27-10-2018
CUST718,Dinesh Murthy,63,Male,Nagpur,Maharashtra,Salaried,407007,486,19-06-2023
CUST719,Jatin Acharya,43,Male,Noida,Uttar Pradesh,Self-Employed,791851,422,13-03-2021
CUST720,Meera Iyer,25,Female,Jaipur,Rajasthan,Salaried,672536,452,06-06-2021
CUST721,Swati Desai,58,Female,Noida,Uttar Pradesh,Self-Employed,1064398,546,21-10-2022
CUST722,Sandeep Iyer,21,Male,Chennai,Tamil Nadu,Salaried,432286,490,22-11-2022
CUST723,Bhavesh Kothari,44,Male,Noida,Uttar Pradesh,Self-Employed,995337,570,11-03-2023
CUST724,Rohit Mathur,43,Male,Bengaluru,Karnataka,Salaried,314119,322,02-12-2018
CUST725,Preeti Doshi,38,Female,Noida,Uttar Pradesh,Business,911947,494,10-11-2018
CUST726,Shreya Malhotra,25,Female,Mumbai,Maharashtra,Self-Employed,365419,439,18-07-2022
CUST727,Garima Chaudhary,58,Female,Jaipur,Rajasthan,Business,1656776,680,18-04-2023
CUST728,Ananya Kumar,30,Female,Hyderabad,Telangana,Salaried,1134740,680,06-04-2021
CUST729,Piyush Bhatt,50,Male,Patna,Bihar,Salaried,616059,447,19-08-2023
CUST730,Aditya Verma,63,Male,Lucknow,Uttar Pradesh,Self-Employed,647799,554,07-10-2023
CUST731,Piyush Bhatt,49,Male,Gurgaon,Haryana,Salaried,1194796,642,22-08-2019
CUST732,Tanvi Dubey,51,Female,Hyderabad,Telangana,Salaried,998461,573,07-08-2020
CUST733,Deepak Nair,37,Male,Hyderabad,Telangana,Salaried,901062,477,23-10-2023
CUST734,Swapna Shukla,44,Female,Kochi,Kerala,Salaried,676728,380,13-06-2018
CUST735,Ananya Kumar,41,Female,Delhi,Delhi,Self-Employed,1393398,710,25-01-2021
CUST736,Payal Rathore,37,Female,Ahmedabad,Gujarat,Salaried,382294,391,31-03-2022
CUST737,Mihir Bhat,58,Male,Nagpur,Maharashtra,Salaried,594609,405,17-10-2023
CUST738,Pranav Jha,43,Male,Hyderabad,Telangana,Salaried,705529,530,28-01-2018
CUST739,Suresh Kadam,29,Male,Kolkata,West Bengal,Salaried,280832,401,24-02-2021
CUST740,Aakash Reddy,30,Male,Gurgaon,Haryana,Salaried,831264,590,30-04-2019
CUST741,Pallavi Pillai,35,Female,Coimbatore,Tamil Nadu,Self-Employed,537688,457,16-05-2023
CUST742,Shivam Misra,34,Male,Ahmedabad,Gujarat,Salaried,1073846,573,02-04-2018
CUST743,Aniket Patil,23,Male,Noida,Uttar Pradesh,Self-Employed,637912,393,01-10-2023
CUST744,Arjun Singh,57,Male,Noida,Uttar Pradesh,Salaried,470804,363,18-10-2023
CUST745,Pranav Jha,59,Male,Ahmedabad,Gujarat,Self-Employed,894447,444,06-06-2020
CUST746,Rohit Mathur,59,Male,Bhubaneswar,Odisha,Business,857704,470,10-08-2022
CUST747,Rekha Joshi,30,Female,Ahmedabad,Gujarat,Self-Employed,681438,529,24-09-2023
CUST748,Ankur Thakur,31,Male,Chennai,Tamil Nadu,Business,1751021,788,09-10-2018
CUST749,Ajay Chauhan,45,Male,Kochi,Kerala,Salaried,217367,305,12-11-2023
CUST750,Sarita Shah,53,Female,Coimbatore,Tamil Nadu,Self-Employed,501952,370,04-05-2023
CUST751,Soni Parekh,60,Female,Surat,Gujarat,Salaried,1021945,591,24-08-2023
CUST752,Bharati Patil,28,Female,Nagpur,Maharashtra,Salaried,336659,438,05-01-2018
CUST753,Sonam Murthy,64,Female,Coimbatore,Tamil Nadu,Salaried,588368,358,11-12-2023
CUST754,Pulkit Pandya,35,Male,Bhubaneswar,Odisha,Self-Employed,1099510,563,05-02-2019
CUST755,Pulkit Pandya,29,Male,Chandigarh,Punjab,Salaried,443807,331,06-03-2021
CUST756,Rekha Joshi,55,Female,Coimbatore,Tamil Nadu,Salaried,205735,432,30-01-2018
CUST757,Sneha Patel,54,Female,Delhi,Delhi,Salaried,593247,515,21-04-2020
CUST758,Swati Desai,41,Female,Coimbatore,Tamil Nadu,Salaried,362297,399,04-11-2020
CUST759,Ankur Thakur,55,Male,Coimbatore,Tamil Nadu,Self-Employed,877892,593,16-06-2022
CUST760,Bharati Patil,34,Female,Coimbatore,Tamil Nadu,Self-Employed,1469293,690,03-01-2020
CUST761,Nakul Garg,56,Male,Guwahati,Assam,Salaried,521549,477,11-11-2021
CUST762,Harsha Thakur,46,Female,Noida,Uttar Pradesh,Business,1882616,700,30-07-2020
CUST763,Rohit Mathur,65,Male,Gurgaon,Haryana,Salaried,733036,485,18-10-2021
CUST764,Kalyani Krishnan,56,Female,Surat,Gujarat,Self-Employed,409162,343,13-05-2022
CUST765,Deepa Agarwal,21,Female,Nagpur,Maharashtra,Self-Employed,1289160,675,19-11-2022
CUST766,Harsh Pandey,25,Male,Chandigarh,Punjab,Salaried,283927,425,04-06-2018
CUST767,Lakshmi Banerjee,45,Female,Kochi,Kerala,Self-Employed,1392627,621,24-08-2018
CUST768,Harsha Thakur,32,Female,Bhubaneswar,Odisha,Salaried,411505,470,24-10-2023
CUST769,Chirag Shukla,33,Male,Pune,Maharashtra,Self-Employed,1370696,674,06-08-2020
CUST770,Sunita Rao,31,Female,Pune,Maharashtra,Salaried,886837,421,07-10-2019
CUST771,Harsh Pandey,38,Male,Kochi,Kerala,Salaried,614337,456,31-03-2020
CUST772,Tarun Oberoi,21,Male,Nagpur,Maharashtra,Business,1652579,685,26-11-2021
CUST773,Lokesh Trivedi,38,Male,Lucknow,Uttar Pradesh,Self-Employed,707948,492,13-07-2022
CUST774,Sneha Patel,21,Female,Chandigarh,Punjab,Salaried,730829,409,24-10-2018
CUST775,Suresh Kadam,39,Male,Chennai,Tamil Nadu,Business,1576440,659,21-10-2020
CUST776,Swati Desai,49,Female,Kochi,Kerala,Self-Employed,810180,595,23-10-2021
CUST777,Harsha Thakur,50,Female,Kolkata,West Bengal,Business,557358,462,22-04-2019
CUST778,Ankur Thakur,25,Male,Kochi,Kerala,Self-Employed,762175,563,30-07-2020
CUST779,Kalyani Krishnan,41,Female,Coimbatore,Tamil Nadu,Business,1583187,732,09-02-2018
CUST780,Vandana Mishra,37,Female,Lucknow,Uttar Pradesh,Salaried,618309,526,01-11-2021
CUST781,Devendra Rao,56,Male,Gurgaon,Haryana,Salaried,570711,397,07-01-2021
CUST782,Sumit Pillai,64,Male,Jaipur,Rajasthan,Salaried,409365,362,18-09-2020
CUST783,Savita Tripathi,37,Female,Jaipur,Rajasthan,Salaried,1075498,531,29-12-2021
CUST784,Rajesh Yadav,27,Male,Delhi,Delhi,Business,1917280,848,11-07-2023
CUST785,Sunita Rao,21,Female,Guwahati,Assam,Business,1511439,672,15-07-2021
CUST786,Srikanth Venkat,57,Male,Chandigarh,Punjab,Salaried,1001387,580,21-02-2021
CUST787,Parth Krishnan,35,Male,Ahmedabad,Gujarat,Salaried,751273,495,14-05-2023
CUST788,Vinay Bhandari,23,Male,Patna,Bihar,Salaried,1102194,650,17-12-2019
CUST789,Sachin Goswami,28,Male,Patna,Bihar,Salaried,922689,432,18-02-2018
CUST790,Nisha Sinha,34,Female,Kochi,Kerala,Self-Employed,982489,537,29-11-2020
CUST791,Sumit Pillai,56,Male,Chandigarh,Punjab,Salaried,694241,529,06-11-2021
CUST792,Mihir Bhat,32,Male,Bhubaneswar,Odisha,Salaried,639450,538,05-03-2022
CUST793,Mihir Bhat,46,Male,Chandigarh,Punjab,Salaried,799166,432,25-07-2020
CUST794,Nalini Garg,27,Female,Chandigarh,Punjab,Self-Employed,1464632,676,10-04-2022
CUST795,Vivek Chaudhary,30,Male,Noida,Uttar Pradesh,Salaried,210215,300,23-09-2022
CUST796,Srikanth Venkat,29,Male,Patna,Bihar,Salaried,531064,456,13-05-2021
CUST797,Ankit Jain,56,Male,Ahmedabad,Gujarat,Salaried,303782,451,01-11-2019
CUST798,Ashish Kumar,34,Male,Chandigarh,Punjab,Salaried,860458,439,17-01-2023
CUST799,Aparna Naik,42,Female,Chandigarh,Punjab,Salaried,787569,538,21-11-2020
CUST800,Lokesh Trivedi,22,Male,Coimbatore,Tamil Nadu,Salaried,1109501,650,25-03-2020
CUST801,Sneha Patel,57,Female,Guwahati,Assam,Salaried,1018213,526,25-12-2021
CUST802,Ishaan Rathore,64,Male,Patna,Bihar,Salaried,972303,557,18-11-2018
CUST803,Neeraj Hegde,60,Male,Bengaluru,Karnataka,Salaried,351884,329,13-10-2021
CUST804,Pritam Das,61,Male,Surat,Gujarat,Self-Employed,449619,332,26-10-2019
CUST805,Kaushik Doshi,35,Male,Chennai,Tamil Nadu,Salaried,505509,507,31-12-2020
CUST806,Kavita Nair,62,Female,Kochi,Kerala,Salaried,666509,565,27-01-2022
CUST807,Aparna Naik,58,Female,Patna,Bihar,Business,1368197,584,24-01-2020
CUST808,Ranjana Saxena,22,Female,Noida,Uttar Pradesh,Self-Employed,827742,596,24-11-2018
CUST809,Yash Kapoor,31,Male,Kochi,Kerala,Salaried,266891,387,09-08-2018
CUST810,Amit Patel,46,Male,Patna,Bihar,Self-Employed,474590,344,11-12-2020
CUST811,Meera Iyer,30,Female,Nagpur,Maharashtra,Self-Employed,1117566,558,28-07-2020
CUST812,Aniket Patil,39,Male,Kolkata,West Bengal,Self-Employed,575308,477,30-11-2019
CUST813,Amit Patel,23,Male,Hyderabad,Telangana,Business,1181996,616,29-03-2023
CUST814,Savita Tripathi,55,Female,Chandigarh,Punjab,Salaried,341678,463,27-12-2019
CUST815,Divya Mehta,59,Female,Kolkata,West Bengal,Self-Employed,1482761,681,15-11-2023
CUST816,Deepa Agarwal,61,Female,Guwahati,Assam,Salaried,564032,464,19-07-2020
CUST817,Madhuri Sawant,26,Female,Kolkata,West Bengal,Salaried,632227,424,30-09-2019
CUST818,Girish Naik,21,Male,Mumbai,Maharashtra,Salaried,995128,482,09-11-2021
CUST819,Chirag Shukla,51,Male,Guwahati,Assam,Salaried,1166879,616,09-05-2023
CUST820,Girish Naik,21,Male,Coimbatore,Tamil Nadu,Self-Employed,784893,397,11-03-2022
CUST821,Vikram Bose,47,Male,Guwahati,Assam,Salaried,462035,356,16-05-2022
CUST822,Payal Rathore,45,Female,Lucknow,Uttar Pradesh,Salaried,642750,520,08-09-2020
CUST823,Tarun Oberoi,60,Male,Chandigarh,Punjab,Salaried,979015,580,06-01-2021
CUST824,Prashant More,33,Male,Nagpur,Maharashtra,Salaried,503662,353,09-02-2023
CUST825,Meera Iyer,49,Female,Chandigarh,Punjab,Self-Employed,1331790,580,06-08-2021
CUST826,Akash Gupta,30,Male,Pune,Maharashtra,Business,546411,383,23-02-2019
CUST827,Chirag Shukla,38,Male,Noida,Uttar Pradesh,Self-Employed,317205,338,05-01-2019
CUST828,Rajesh Yadav,21,Male,Bhubaneswar,Odisha,Salaried,640656,439,04-08-2023
CUST829,Nakul Garg,50,Male,Pune,Maharashtra,Salaried,1084522,663,22-08-2019
CUST830,Ashish Kumar,38,Male,Kochi,Kerala,Salaried,692984,419,27-02-2020
CUST831,Sonam Murthy,37,Female,Kochi,Kerala,Self-Employed,555771,534,16-10-2020
CUST832,Nitin Sawant,49,Male,Lucknow,Uttar Pradesh,Self-Employed,370276,342,03-03-2023
CUST833,Tanvi Dubey,27,Female,Patna,Bihar,Self-Employed,737145,505,13-05-2022
CUST834,Rohini Tiwari,40,Female,Chennai,Tamil Nadu,Salaried,963611,450,04-11-2023
CUST835,Mohit Srivastava,37,Male,Bhubaneswar,Odisha,Self-Employed,716753,471,02-08-2018
CUST836,Sarita Shah,63,Female,Jaipur,Rajasthan,Business,994856,610,14-11-2022
CUST837,Ishaan Rathore,21,Male,Gurgaon,Haryana,Self-Employed,550923,438,22-09-2020
CUST838,Aditya Verma,23,Male,Ahmedabad,Gujarat,Self-Employed,1296714,700,27-09-2019
CUST839,Nakul Garg,26,Male,Lucknow,Uttar Pradesh,Salaried,295841,448,18-10-2021
CUST840,Vidya Lal,61,Female,Pune,Maharashtra,Salaried,875885,457,16-03-2019
CUST841,Nikhil Agarwal,52,Male,Lucknow,Uttar Pradesh,Salaried,785472,561,23-11-2021
CUST842,Madhuri Sawant,49,Female,Jaipur,Rajasthan,Salaried,596119,440,06-07-2019
CUST843,Ankit Jain,23,Male,Bhubaneswar,Odisha,Self-Employed,1472359,643,01-07-2023
CUST844,Vikram Bose,57,Male,Gurgaon,Haryana,Salaried,539403,521,03-04-2023
CUST845,Bhavesh Kothari,59,Male,Guwahati,Assam,Salaried,756937,428,15-01-2023
CUST846,Dinesh Murthy,37,Male,Guwahati,Assam,Salaried,200754,448,04-09-2023
CUST847,Neeraj Hegde,32,Male,Mumbai,Maharashtra,Self-Employed,1063521,663,05-09-2020
CUST848,Ishaan Rathore,25,Male,Guwahati,Assam,Self-Employed,698185,508,31-07-2023
CUST849,Garima Chaudhary,56,Female,Noida,Uttar Pradesh,Self-Employed,976541,548,12-08-2021
CUST850,Manish Shah,27,Male,Patna,Bihar,Self-Employed,391807,330,02-01-2020
CUST851,Savita Tripathi,23,Female,Jaipur,Rajasthan,Salaried,400924,325,11-05-2018
CUST852,Sneha Patel,62,Female,Kochi,Kerala,Self-Employed,1402727,709,14-11-2020
CUST853,Aryan Mehta,44,Male,Lucknow,Uttar Pradesh,Self-Employed,448633,315,04-05-2020
CUST854,Ananya Kumar,52,Female,Nagpur,Maharashtra,Salaried,869952,432,18-01-2022
CUST855,Neha Gupta,47,Female,Hyderabad,Telangana,Self-Employed,422264,462,24-12-2020
CUST856,Tushar Samant,23,Male,Nagpur,Maharashtra,Self-Employed,463442,370,29-10-2023
CUST857,Karan Malhotra,27,Male,Lucknow,Uttar Pradesh,Salaried,398663,348,26-11-2023
CUST858,Pallavi Pillai,36,Female,Ahmedabad,Gujarat,Self-Employed,675176,510,28-08-2022
CUST859,Aparna Naik,27,Female,Ahmedabad,Gujarat,Salaried,681003,549,16-10-2022
CUST860,Shruti Kothari,27,Female,Gurgaon,Haryana,Self-Employed,1453361,665,30-08-2023
CUST861,Kaushik Doshi,63,Male,Gurgaon,Haryana,Salaried,829057,520,14-12-2021
CUST862,Soni Parekh,41,Female,Guwahati,Assam,Business,1180849,590,16-08-2022
CUST863,Chetana Jain,61,Female,Coimbatore,Tamil Nadu,Self-Employed,978325,599,12-09-2020
CUST864,Pooja Singh,55,Female,Jaipur,Rajasthan,Salaried,776967,584,06-11-2020
CUST865,Mihir Bhat,49,Male,Kolkata,West Bengal,Business,500410,510,22-05-2018
CUST866,Chirag Shukla,59,Male,Mumbai,Maharashtra,Salaried,1133572,560,27-01-2018
CUST867,Girish Naik,35,Male,Jaipur,Rajasthan,Business,545511,533,04-02-2021
CUST868,Usha Narayanan,56,Female,Patna,Bihar,Self-Employed,1498756,613,22-01-2019
CUST869,Anand Joshi,50,Male,Hyderabad,Telangana,Salaried,477860,412,20-10-2020
CUST870,Ajay Chauhan,37,Male,Bengaluru,Karnataka,Salaried,619218,499,09-06-2020
CUST871,Shreya Malhotra,25,Female,Chennai,Tamil Nadu,Self-Employed,662602,489,26-01-2019
CUST872,Rekha Joshi,62,Female,Bengaluru,Karnataka,Salaried,1047607,608,12-04-2022
CUST873,Gaurav Tiwari,24,Male,Chennai,Tamil Nadu,Salaried,1056835,575,03-09-2022
CUST874,Vidya Lal,28,Female,Lucknow,Uttar Pradesh,Self-Employed,323979,442,16-04-2022
CUST875,Aryan Mehta,40,Male,Patna,Bihar,Salaried,766157,535,05-09-2019
CUST876,Ishaan Rathore,53,Male,Lucknow,Uttar Pradesh,Salaried,906357,613,29-05-2022
CUST877,Rohit Mathur,59,Male,Ahmedabad,Gujarat,Salaried,432873,418,01-04-2021
CUST878,Isha Kulkarni,46,Female,Noida,Uttar Pradesh,Salaried,286554,392,21-07-2018
CUST879,Priya Sharma,46,Female,Chandigarh,Punjab,Salaried,726199,492,19-06-2019
CUST880,Chetana Jain,29,Female,Bhubaneswar,Odisha,Self-Employed,1323118,631,14-03-2020
CUST881,Neha Gupta,60,Female,Patna,Bihar,Salaried,275124,336,28-10-2022
CUST882,Ishaan Rathore,64,Male,Ahmedabad,Gujarat,Salaried,904378,531,01-10-2022
CUST883,Mihir Bhat,43,Male,Jaipur,Rajasthan,Salaried,822725,572,10-04-2018
CUST884,Garima Chaudhary,40,Female,Gurgaon,Haryana,Business,1792309,761,21-08-2019
CUST885,Ravi Chakraborty,23,Male,Lucknow,Uttar Pradesh,Salaried,591979,386,18-12-2018
CUST886,Manish Shah,24,Male,Lucknow,Uttar Pradesh,Business,809701,475,26-02-2018
CUST887,Kaushik Doshi,65,Male,Delhi,Delhi,Salaried,694078,378,21-09-2021
CUST888,Yash Kapoor,55,Male,Jaipur,Rajasthan,Salaried,748684,579,25-11-2020
CUST889,Priya Sharma,51,Female,Surat,Gujarat,Self-Employed,596427,526,17-03-2018
CUST890,Neeraj Hegde,58,Male,Patna,Bihar,Salaried,378593,309,09-03-2021
CUST891,Vivek Chaudhary,65,Male,Surat,Gujarat,Salaried,687546,538,04-02-2018
CUST892,Deepak Nair,45,Male,Chandigarh,Punjab,Self-Employed,1055434,490,20-03-2018
CUST893,Dinesh Murthy,62,Male,Kochi,Kerala,Salaried,599194,479,12-02-2019
CUST894,Soni Parekh,41,Female,Bhubaneswar,Odisha,Business,1614763,625,03-02-2020
CUST895,Vivek Chaudhary,53,Male,Kolkata,West Bengal,Self-Employed,345064,300,10-10-2020
CUST896,Varsha More,54,Female,Bengaluru,Karnataka,Salaried,612509,543,06-10-2019
CUST897,Akash Gupta,43,Male,Hyderabad,Telangana,Salaried,517012,389,16-08-2023
CUST898,Bhavesh Kothari,24,Male,Chandigarh,Punjab,Business,561794,482,21-02-2021
CUST899,Abhishek Banerjee,30,Male,Chennai,Tamil Nadu,Business,1877685,704,26-12-2018
CUST900,Shreya Malhotra,45,Female,Patna,Bihar,Business,1784397,806,20-07-2020
CUST901,Pritam Das,36,Male,Ahmedabad,Gujarat,Salaried,527557,485,10-09-2021
CUST902,Rohit Mathur,55,Male,Noida,Uttar Pradesh,Salaried,345308,434,08-04-2020
CUST903,Sarita Shah,29,Female,Bengaluru,Karnataka,Self-Employed,1398499,583,28-10-2022
CUST904,Swapna Shukla,30,Female,Ahmedabad,Gujarat,Business,1165837,508,24-12-2023
CUST905,Lakshmi Banerjee,28,Female,Gurgaon,Haryana,Salaried,1122367,517,01-05-2018
CUST906,Chetana Jain,41,Female,Coimbatore,Tamil Nadu,Business,1136167,597,26-01-2021
CUST907,Rajesh Yadav,33,Male,Delhi,Delhi,Salaried,227470,451,29-12-2020
CUST908,Kavita Nair,57,Female,Surat,Gujarat,Salaried,443461,369,17-04-2018
CUST909,Mayank Kulkarni,26,Male,Bhubaneswar,Odisha,Salaried,1087240,625,05-04-2023
CUST910,Geeta Kapoor,62,Female,Hyderabad,Telangana,Salaried,606281,476,25-04-2023
CUST911,Piyush Bhatt,31,Male,Jaipur,Rajasthan,Salaried,628436,552,03-03-2018
CUST912,Varsha More,38,Female,Coimbatore,Tamil Nadu,Salaried,903950,476,17-04-2020
CUST913,Deepak Nair,32,Male,Kolkata,West Bengal,Business,1527484,757,23-08-2021
CUST914,Sarita Shah,50,Female,Lucknow,Uttar Pradesh,Salaried,1013920,463,08-04-2022
CUST915,Lakshmi Banerjee,41,Female,Kochi,Kerala,Self-Employed,1499433,726,22-11-2023
CUST916,Ritu Bose,23,Female,Patna,Bihar,Salaried,679094,379,03-10-2020
CUST917,Tarun Oberoi,55,Male,Kochi,Kerala,Business,582316,487,06-05-2022
CUST918,Tarun Oberoi,61,Male,Pune,Maharashtra,Salaried,660905,466,01-06-2021
CUST919,Harsha Thakur,39,Female,Kolkata,West Bengal,Salaried,508721,483,12-08-2018
CUST920,Swati Desai,54,Female,Noida,Uttar Pradesh,Salaried,877486,534,06-01-2019
CUST921,Lakshmi Banerjee,53,Female,Delhi,Delhi,Salaried,813886,581,09-07-2019
CUST922,Parth Krishnan,47,Male,Chennai,Tamil Nadu,Salaried,387567,412,07-04-2020
CUST923,Seema Acharya,50,Female,Nagpur,Maharashtra,Salaried,925318,597,03-11-2019
CUST924,Geeta Kapoor,28,Female,Nagpur,Maharashtra,Salaried,671228,529,26-01-2022
CUST925,Gaurav Tiwari,54,Male,Kochi,Kerala,Self-Employed,1373042,699,17-10-2019
CUST926,Neeraj Hegde,56,Male,Kochi,Kerala,Salaried,379185,379,07-09-2019
CUST927,Rohan Saxena,30,Male,Gurgaon,Haryana,Self-Employed,407605,408,15-06-2021
CUST928,Hardik Parekh,49,Male,Bengaluru,Karnataka,Self-Employed,546528,369,10-04-2020
CUST929,Aarav Sharma,60,Male,Chandigarh,Punjab,Salaried,721800,507,24-01-2018
CUST930,Kavita Nair,52,Female,Lucknow,Uttar Pradesh,Salaried,891505,543,02-02-2023
CUST931,Prashant More,49,Male,Nagpur,Maharashtra,Self-Employed,313784,340,13-02-2021
CUST932,Meera Iyer,61,Female,Guwahati,Assam,Self-Employed,735447,395,28-01-2020
CUST933,Rahul Mishra,24,Male,Hyderabad,Telangana,Salaried,1095304,481,07-05-2021
CUST934,Jatin Acharya,26,Male,Pune,Maharashtra,Salaried,386906,337,10-03-2021
CUST935,Sunita Rao,63,Female,Surat,Gujarat,Self-Employed,1478971,614,09-02-2023
CUST936,Aparna Naik,58,Female,Hyderabad,Telangana,Business,695299,569,10-05-2021
CUST937,Ishaan Rathore,44,Male,Kochi,Kerala,Self-Employed,1196163,639,23-09-2018
CUST938,Dinesh Murthy,51,Male,Noida,Uttar Pradesh,Salaried,1101154,545,10-09-2021
CUST939,Tushar Samant,47,Male,Patna,Bihar,Salaried,419205,460,27-08-2018
CUST940,Kunal Desai,57,Male,Patna,Bihar,Business,1514314,763,22-03-2021
CUST941,Pulkit Pandya,59,Male,Chennai,Tamil Nadu,Salaried,803080,559,20-12-2021
CUST942,Varsha More,29,Female,Surat,Gujarat,Self-Employed,1389902,733,01-08-2023
CUST943,Srikanth Venkat,32,Male,Surat,Gujarat,Salaried,504598,375,07-01-2018
CUST944,Mohit Srivastava,22,Male,Kolkata,West Bengal,Self-Employed,547308,524,29-04-2020
CUST945,Kalyani Krishnan,60,Female,Coimbatore,Tamil Nadu,Salaried,550006,426,19-05-2020
CUST946,Aditya Verma,61,Male,Jaipur,Rajasthan,Self-Employed,833552,425,14-06-2021
CUST947,Girish Naik,53,Male,Guwahati,Assam,Salaried,206429,300,27-09-2021
CUST948,Kaushik Doshi,46,Male,Ahmedabad,Gujarat,Self-Employed,361063,334,05-03-2020
CUST949,Jatin Acharya,42,Male,Bhubaneswar,Odisha,Business,574571,508,11-07-2019
CUST950,Shivam Misra,30,Male,Kolkata,West Bengal,Business,1626102,691,10-03-2023
CUST951,Isha Kulkarni,47,Female,Pune,Maharashtra,Self-Employed,927769,575,16-07-2021
CUST952,Neha Gupta,55,Female,Mumbai,Maharashtra,Salaried,918791,513,19-12-2021
CUST953,Deepak Nair,30,Male,Chandigarh,Punjab,Self-Employed,1011254,548,29-12-2023
CUST954,Preeti Doshi,31,Female,Ahmedabad,Gujarat,Self-Employed,692962,525,24-04-2019
CUST955,Sarita Shah,40,Female,Chennai,Tamil Nadu,Self-Employed,869371,522,22-12-2018
CUST956,Srikanth Venkat,36,Male,Hyderabad,Telangana,Salaried,1196909,576,04-06-2020
CUST957,Tushar Samant,40,Male,Gurgaon,Haryana,Salaried,1023073,464,07-04-2020
CUST958,Swapna Shukla,26,Female,Kolkata,West Bengal,Salaried,1037838,582,11-08-2023
CUST959,Rajesh Yadav,33,Male,Chennai,Tamil Nadu,Business,1598127,678,02-09-2021
CUST960,Rahul Mishra,27,Male,Patna,Bihar,Self-Employed,578328,396,30-05-2018
CUST961,Sachin Goswami,45,Male,Patna,Bihar,Salaried,526087,342,23-12-2018
CUST962,Jatin Acharya,50,Male,Pune,Maharashtra,Salaried,1003398,618,03-07-2021
CUST963,Akash Gupta,57,Male,Bengaluru,Karnataka,Self-Employed,740078,467,01-04-2020
CUST964,Vikram Bose,39,Male,Chandigarh,Punjab,Salaried,1010326,564,27-04-2019
CUST965,Arun Dubey,30,Male,Gurgaon,Haryana,Salaried,215997,412,07-10-2023
CUST966,Kunal Desai,34,Male,Guwahati,Assam,Salaried,533955,402,03-08-2019
CUST967,Poonam Pandey,39,Female,Ahmedabad,Gujarat,Salaried,274703,347,19-10-2021
CUST968,Vinay Bhandari,49,Male,Pune,Maharashtra,Salaried,693602,545,26-07-2018
CUST969,Kunal Desai,45,Male,Pune,Maharashtra,Salaried,610954,397,01-01-2023
CUST970,Sunita Rao,43,Female,Bengaluru,Karnataka,Salaried,407772,483,26-12-2023
CUST971,Gaurav Tiwari,50,Male,Ahmedabad,Gujarat,Salaried,1052336,641,03-04-2023
CUST972,Karan Malhotra,50,Male,Bengaluru,Karnataka,Self-Employed,1276007,639,07-08-2020
CUST973,Abhishek Banerjee,30,Male,Surat,Gujarat,Salaried,581104,445,22-01-2020
CUST974,Vandana Mishra,63,Female,Chennai,Tamil Nadu,Self-Employed,981073,561,20-06-2023
CUST975,Amit Patel,25,Male,Bhubaneswar,Odisha,Salaried,701903,493,01-12-2019
CUST976,Chirag Shukla,43,Male,Surat,Gujarat,Self-Employed,1365247,567,20-07-2022
CUST977,Nalini Garg,27,Female,Chennai,Tamil Nadu,Self-Employed,448738,389,23-12-2023
CUST978,Sagar Narayanan,46,Male,Ahmedabad,Gujarat,Salaried,851034,474,14-10-2019
CUST979,Shivam Misra,45,Male,Nagpur,Maharashtra,Salaried,1053452,640,01-11-2022
CUST980,Isha Kulkarni,48,Female,Ahmedabad,Gujarat,Self-Employed,1441955,737,25-08-2020
CUST981,Shubham Tripathi,63,Male,Nagpur,Maharashtra,Self-Employed,1320537,559,12-03-2023
CUST982,Ishaan Rathore,56,Male,Delhi,Delhi,Self-Employed,669463,445,21-07-2022
CUST983,Deepak Nair,59,Male,Delhi,Delhi,Self-Employed,1094633,556,18-07-2023
CUST984,Ritu Bose,63,Female,Pune,Maharashtra,Salaried,1056721,499,01-01-2018
CUST985,Bharati Patil,30,Female,Noida,Uttar Pradesh,Salaried,505663,425,06-01-2023
CUST986,Vivek Chaudhary,34,Male,Chennai,Tamil Nadu,Salaried,1032932,631,01-06-2021
CUST987,Usha Narayanan,48,Female,Hyderabad,Telangana,Business,1722067,632,22-09-2023
CUST988,Pranav Jha,29,Male,Bengaluru,Karnataka,Salaried,1144846,626,06-08-2018
CUST989,Aarav Sharma,56,Male,Hyderabad,Telangana,Salaried,495917,330,21-08-2020
CUST990,Rajiv Lal,65,Male,Ahmedabad,Gujarat,Salaried,533580,515,17-04-2022
CUST991,Pranav Jha,45,Male,Coimbatore,Tamil Nadu,Salaried,894668,467,30-04-2023
CUST992,Piyush Bhatt,33,Male,Guwahati,Assam,Salaried,1169389,584,05-09-2022
CUST993,Rajesh Yadav,39,Male,Noida,Uttar Pradesh,Salaried,275231,433,06-03-2018
CUST994,Rahul Mishra,52,Male,Coimbatore,Tamil Nadu,Business,784742,417,17-07-2019
CUST995,Ritu Bose,47,Female,Kolkata,West Bengal,Business,1958339,843,10-10-2022
CUST996,Meera Iyer,32,Female,Kolkata,West Bengal,Salaried,778866,509,25-04-2022
CUST997,Mayank Kulkarni,35,Male,Gurgaon,Haryana,Salaried,207790,398,03-08-2023
CUST998,Priyanka Bhatt,36,Female,Patna,Bihar,Salaried,1171573,631,12-02-2022
CUST999,Anand Joshi,23,Male,Ahmedabad,Gujarat,Salaried,586482,374,27-05-2023
CUST1000,Swati Desai,26,Female,Noida,Uttar Pradesh,Self-Employed,1403957,742,18-02-2021
